id,text,created_at,lang
1529697716368211968, 에버랜드 X HYBE 가든 오브 라이츠 투바투 개쩔어유 어머뿔자    영원럽  GBGB 순으로 하는데 포시즌스 가든에서 들으니까 레전드로 웅장해짐 ,2022-05-26 05:35:30+00:00,ko
1529696380230696960, 김가람탈퇴해 hybe가 김가람과 괴롭힘을 당한 사람을 화해시키는 것을 의논하고 있다는데 그게 바로 횡포실망치 아닙니까hybe가 제정신이 아니에요 ,2022-05-26 05:30:12+00:00,ko
1529696274802683904, ʚ 𝐘𝐨𝐮𝐫 𝐓𝐰𝐞𝐧𝐭𝐲 ɞ   김선우 생일 응원 프로젝트   하이브 앞 버스 정류장 광고     한강대교북단 LG유플러스 HYBE 건너편    V  월의선우핑…,2022-05-26 05:29:46+00:00,ko
1529697908945133568, 플리캠 Simply KPop Behind Clip    아니 진짜로 리터럴리 천사 잖아요இ௰இ♡  KROUND 크라운드 LESSERAFIM 르세라핌  Go check…,2022-05-26 05:36:16+00:00,ko
1529697893870817280, 라벤더 베레모 채원이  김채원 KIMCHAEWON チェウォン 르세라핌 LESSERAFIM ,2022-05-26 05:36:12+00:00,ko
1529697851726790656, 플리캠 Simply KPop Behind Clip  천재만재 아이돌 윤진이 헝크러진 머리도 고개 돌리면서 챡☆ 정리하는 것 봐요´▽ʃ♡ƪ  KROUND 크라운드 LESSERAFIM…,2022-05-26 05:36:02+00:00,ko
1529697678342651905, 쇼챔직캠 K LE SSERAFIM  FEARLESS 르세라핌  피어리스    SHOWCHAMPION 쇼챔피언 LESSERAFIM 르세라핌 FEARLESS…,2022-05-26 05:35:21+00:00,ko
1529697651012227072,라벤더 베레모 채원이  김채원 KIMCHAEWON チェウォン 르세라핌 LESSERAFIM ,2022-05-26 05:35:15+00:00,ko
1529697574575570945, MCOUNTDOWN Ep Line up 강다니엘LIGHTSUMLE SSERAFIMBVNDIT밴디트싸이퍼Ciipher아스트로ASTROABIX 에이비식스예린 YERIN원어…,2022-05-26 05:34:56+00:00,ko
1529697462562488321, retweet for kim chaewon brand reputation 르세라핌 김채원 김채원 르세라핌김채원 lesserafim IMLESSERAFIM ,2022-05-26 05:34:30+00:00,ko
1529697432342171648,  데뷔 쇼케이스  宮脇咲良 사쿠라 SAKURA  LESSERAFIM 르세라핌 ,2022-05-26 05:34:22+00:00,ko
1529697493088632834, 학폭가해자는관심을받으며 김가람탈퇴해 사람들에게사랑받는직업은 garamout 절대로가질수없다고생각합니다 쏘스뮤직해명해 르세라핌에서저리꺼져주세요,2022-05-26 05:34:37+00:00,ko
1529697471521505281, 알티 마음 꼭 부탁드려요 김가람탈퇴해 Garamout 쏘스뮤직해명해,2022-05-26 05:34:32+00:00,ko
1529696607754919936, JoklInqtraqcian 매번 딱맞춰서 귀여운 대회 올리는 대형계들 눈치좀 챙겨 회사계인증할거 아니면말야 멤버이름 들어간 쟤네들이 싸질러논거 밀어내고 싶어서라면 정바비참여곡삭제해 정바비아웃 김가람학폭 gar…,2022-05-26 05:31:06+00:00,ko
1529696589258039297, othfZwxSNyRTPb JoklInqtraqcian kthonly 매번 딱맞춰서 귀여운 대회 올리는 대형계들 눈치좀 챙겨 회사계인증할거 아니면말야 멤버이름 들어간 쟤네들이 싸질러논거 밀어내…,2022-05-26 05:31:01+00:00,ko
1529696575131635712, JoklInqtraqcian kthonly 매번 딱맞춰서 귀여운 대회 올리는 대형계들 눈치좀 챙겨 회사계인증할거 아니면말야 멤버이름 들어간 쟤네들이 싸질러논거 밀어내고 싶어서라면 정바비참여곡…,2022-05-26 05:30:58+00:00,ko
1529696555665858561, 르세라핌 인조로 계속 활동하면 김가람에게는 수익이 안 가죠 문제는 김가람이 활중 상태라는 거  이 글은 뉴스픽 파트너스 활동의 일환으로 이에 따른 일정액의 포인트를…,2022-05-26 05:30:53+00:00,ko
1529696545834430464, 매번 딱맞춰서 귀여운 대회 올리는 대형계들 눈치좀 챙겨 회사계인증할거 아니면말야 멤버이름 들어간 쟤네들이 싸질러논거 밀어내고 싶어서라면 정바비참여곡삭제해 정바비아웃 김가람학폭 garamout 으…,2022-05-26 05:30:51+00:00,ko
1529696402145955840, 야가람아아이돌하고싶었으면 김가람탈퇴해 학폭을하지를말았어야지 garamout  민폐끼치지말고제발나가주라 쏘스뮤직해명해 너없으면모두가행복해탈퇴해,2022-05-26 05:30:17+00:00,ko
1529697915580862464, 우릴위해웃던르세라핌이라는천사들 쌈쿠라르세라핌  르세라핌♡대박나세요♡ 아이즈원♡포에버♡ ,2022-05-26 05:36:18+00:00,ko
1529697799947829249,요즘듣는거 르세라핌 오라달콤한죽음이여 카미이로아와세 에스파 아이브 엔믹스 켄드릭 드레이크 메가존 오스트  에이셉라키 잔혹한천사의테제 두란두란,2022-05-26 05:35:50+00:00,ko
1529697670356471809, 르세라핌 TOP  ,2022-05-26 05:35:19+00:00,ko
1529696947757469696,르세라핌 tou 중국영통 포카 양도  사쿠라  채원  은채  윤진  가람  카즈하   Lesserafim 사쿠라 김채원 허윤진 카즈하 김가람 홍은채 미공포 포카 포토카드 특전 양도 교환 이즈위 중국 영통 ,2022-05-26 05:32:27+00:00,ko
1529696790416461824, TD포토 르세라핌 사쿠라 눈 뗄 수 없는 아름다움  ,2022-05-26 05:31:49+00:00,ko
1529696657981718528, 김가람 르세라핌뿐만 아니라 하이브 전체 레이블 불매 들어감 소속사가 피해자 상대로 차가해 진짜 악질 기업임 ,2022-05-26 05:31:18+00:00,ko
1529696614054785025, 헐 르세라핌 김가람 대체할 새멤버 떳음 ,2022-05-26 05:31:07+00:00,ko
1529696566617190400, 르세라핌 김가람 학폭 피해자가 살살까지 겪은 일들  김가람학폭 김가람탈퇴해 ,2022-05-26 05:30:56+00:00,ko
1529696525097369600,르세라핌 김가람 허윤진 피어레스 IM FEARLESS 포카 양도합니다  운미포 가격입니다  준등기 반택 끼택 일반택배 이용  하자감안한 가격임  르세라핌 LE SSERAFIM 김채원 카즈하 허윤진 사쿠라 홍은채 김가람 포토카드 포카 양도 ,2022-05-26 05:30:46+00:00,ko
1529696413319196673,  르세라핌 예림당아트홀 팬싸 채원  자기 찍는거 알고 장난치는 아기치타  LESSERAFIM 르세라핌 CHAEWON 채원 ,2022-05-26 05:30:19+00:00,ko
1529696017431826432,르세라핌 김채원 사쿠라 포카 팝니다 아이즈원 때 공식 기 부터 앨범 트레카 등 다 있습니다 원하는거 표시해서 가격 제시해서 연락 편하게 주세요 여러개 사시는 분 우대합니다  ㅅㅊㅇ 아이즈원 원릴러 비올레타 피노라마 르세라핌 김채원 채원 사쿠라 피얼리스 카즈하 홍은채 ,2022-05-26 05:28:45+00:00,ko
1529695763881525248, 르세라핌 포카 양도합니다  르세라핌 미공포 위버스샵 사운드웨이브 파워스테이션 네이버 쇼핑라이브 뮤직플랜트 lesserafim 사쿠라 김채원 카즈하 홍은채 허윤진 김가람 공방 poca sell GARAM YUNJIN KAZUH…,2022-05-26 05:27:45+00:00,ko
1529695383567613952, 르세라핌 넘무 잘해요 ,2022-05-26 05:26:14+00:00,ko
1529695248775262208, 안방열직캠 르세라핌  FEARLESS   인기가요 르세라핌 LESSERAFIM FEARLESS lesserafim  사쿠라  카즈하 …,2022-05-26 05:25:42+00:00,ko
1529695241636220929, 르세라핌 포카 특전 럭드 엽서 양도합니다  SELL LESSERAFIM Photocards   르세라핌 LE SSERAFIM pc 사쿠라 김채원 허윤진 카즈하 김가람 홍은채 분철 분할 양도 교환 포카 럭키…,2022-05-26 05:25:40+00:00,ko
1529694979899019265,아이즈원 포카 양도 은비 채원 예나 나코 유진 혜원 민주 히토미 권은비 김채원 최예나 야부키 나코 안유진 강혜원 김민주 혼다 히토미 라비앙로즈 비올레타 피에스타 르세라핌,2022-05-26 05:24:38+00:00,ko
1529694801414991872,위클리 스테이씨 케플러 이달의소녀 르세라핌 에스파 아이브 최예나 몬스타엑스 엔믹스 엔시티 엔하이픈 더보이즈 에이티즈 세븐틴 빌리 BTS 스키즈 투바투 앙스타 주술회전 명함 학생증 글라스 웨하스 메탈 카드 파샤코레 포토카드 폴라로이드 탑로더 탑꾸 커미션 콜북 스티커 양도 알티 팔로우이벤트 ,2022-05-26 05:23:55+00:00,ko
1529694764244688896, 르세라핌 포카 포토카드 양도해요 wts lfb LE SSERAFIM photocard yangdo FEARLESS pc sell  앨포 럭드 특전 양도 준등기   lesserafim showcase presen…,2022-05-26 05:23:46+00:00,ko
1529694617184403456, 안방열 직캠K 르세라핌 카즈하 FEARLESS LE SSERAFIM KAZUHA FanCam│SBS Inkigay   YouTube …,2022-05-26 05:23:11+00:00,ko
1529694550197141504,위클리 스테이씨 케플러 우주소녀 이달의소녀 르세라핌 에스파 아이들 아이브 최예나 몬스타엑스 엔믹스 엔시티 엔하이픈 더보이즈 에이티즈 세븐틴 빌리 BTS 스키즈 투바투 앙스타 주술회전 명함 학생증 글라스 웨하스 메탈 카드 파샤코레 포토카드 폴라로이드 탑로더 탑꾸 커미션 콜북 스티커 양도 ,2022-05-26 05:22:55+00:00,ko
1529694439635308551,아이즈원 스테이씨 케플러 우주소녀 레드벨벳 르세라핌 에스파 아이들 아이브 최예나 몬스타엑스 엔믹스 엔시티 엔하이픈 더보이즈 에이티즈 세븐틴 빌리 BTS 스키즈 투바투 앙스타 주술회전 명함 학생증 글라스 웨하스 메탈 카드 파샤코레 포토카드 폴라로이드 탑로더 탑꾸 커미션 콜북 스티커 양도 ,2022-05-26 05:22:29+00:00,ko
1529694420953874432,  르세라핌 예림당아트홀 팬싸 채원  똘망똘망 아이컨택 해주는 귀요미  LESSERAFIM 르세라핌 CHAEWON 채원 ,2022-05-26 05:22:24+00:00,ko
1529694191726383104, 르세라핌 포토카드 양도해요 LE SSERAFIM 사쿠라 김채원 허윤진 김가람 카즈하 홍은채 photocard sakura kim chaewon huh yunjin kazuha  kim garam hong eunch…,2022-05-26 05:21:30+00:00,ko
1529693982225182720,르세라핌 홍은채 공방 포카 양도합니다  이상 제시해주세요 쿨거가  BUY  SELL   ㅅㅊㅇ LE SSERAFIM 미야와키 사쿠라 김채원 허윤진 나카무라 카즈하 김가람 양도 교환 구해요 받아요 포토카드 공개방송 뮤직뱅크 인기가요 ,2022-05-26 05:20:40+00:00,ko
1529693746648035328, 여러분 르세라핌이 드디어 오늘 데뷔 했습니다 저회 데뷔를 함께 해주셔서 감사합니다 앞으로 열심히 하겠습니다 꼭 만나요 ,2022-05-26 05:19:44+00:00,ko
1529693720609796096, 드디어 르세라핌 데뷔  우리 짱세라핌 영원히 사랑해주기…  약속 앞으로 자주 볼수 있으면 좋겠어용 ㅎㅎ 우리 많은 콘텐츠 나오니까 여러분 화이팅이요 ㅎㅎ ,2022-05-26 05:19:37+00:00,ko
1529693602577674240,르세라핌 카즈하 포카 양도받아요  buy sell   한국 주소 계정  디엠으로 가격 알려주세요  채원 사쿠라 카즈하 윤진 가람 은채 ,2022-05-26 05:19:09+00:00,ko
1529693587964928000, 르세라핌 데뷔했다 ,2022-05-26 05:19:06+00:00,ko
1529693313162690560,르세라핌 팬싸컷  문의받습니다 가격   마감까지 컷 제대로 봐드려요      르세라핌 LESSERAFIM,2022-05-26 05:18:00+00:00,ko
1529693308322295808, 하이브에서 데뷔하는 첫 걸그룹  르세라핌의 데뷔를 기다리시는 팬 여러분 오늘부터 위버스 에서 르세라핌 을 응원해 보세요  멤버 공개부터 데뷔를 비롯한 앞으로의 활동 소식을 위버스를 통해 전할 예정입니…,2022-05-26 05:17:59+00:00,ko
1529693268522328064, 르세라핌 위버스 특전포카 양도  위버스 특전 홀로그램첫번째줄 사쿠라 채원 카즈하   윤진 가람 은채    위버스 특전 일반두번째줄 사쿠라 채원   윤진 가람 은채    준등기 …,2022-05-26 05:17:50+00:00,ko
1529693130512945157, 르세라핌 위했어요  정말 생각치도 못했는데 위 할 수 있게 해준 팬분들 너무너무 감사합니다 팬분들 앞에서 자랑스럽게 위할 수 있어서 더욱 행복했어요 앞으로 더 열심히 하고싶다고도 느끼고 여러가지 감정이 느껴…,2022-05-26 05:17:17+00:00,ko
1529693059373379584,르세라핌 Tou 중국 미공포 포카 양도합니다   LE SSERAFIM China photo cards Sell  일관 장   지금 세트 있어요  김채원  윤진  ,2022-05-26 05:17:00+00:00,ko
1529693010421682176,악 저번에 비싸게 샀는데 할인이네ㄷㄷ  내일 두시 까지만 할인인거 같네요ㅋ   르세라핌 앨범 피어리스 미니 집 FEARLESS 종세트  상세정보    파트너스 활동을 통해 일정액의 수수료를 제공받을 수 있음  위 링크 막히면 알려주기,2022-05-26 05:16:48+00:00,ko
1529692802442883072,쇼챔직캠 K LE SSERAFIM  FEARLESS 르세라핌  피어리스 l Show Champion l EP ,2022-05-26 05:15:59+00:00,ko
1529692787393761281,르세라핌 위버스 특전 홀로그램 단체 렌티쿨러 포토카드 포카 액자 종 양도 LESSERAFIM ,2022-05-26 05:15:55+00:00,ko
1529692491330465793, 방탄 군면제 지민 압류돌 논란 성범죄 논란인물 정바비 곡 새앨범 수록 르세라핌 김가람 학폭 하이브의 다수 악재 속 대중의 비난여론 거세질때 저질퀄 뽀샵사진으로 촉발된 가짜 열애설이 기사도배댓글작업성명문실트…,2022-05-26 05:14:44+00:00,ko
1529691250206855169,우릴위해웃던르세라핌이라는천사들 쌈쿠라르세라핌  르세라핌♡대박나세요♡ 아이즈원♡포에버♡ ,2022-05-26 05:09:48+00:00,ko
1529690819598290944,르세라핌 데뷔 쇼케이스 쇼케 웰컴 키트 포카 양도  준등포 또는 반택포   김채원    영상 다른 문구 적어 재 인증 ,2022-05-26 05:08:06+00:00,ko
1529690105564106752,꒰ wtsth ꒱ 르세라핌 양도  LE SSERAFIM KPOPMERCH BENEFIT   배송료는 상품이 내 손에 닿았을 때 징수됩니다  kazuha chaewon sakura yunjin  ㅅㅊㅇ 르세라핌 르세라핌 럭드 홍은채 김채원 허윤진 카즈하 김가람 사쿠라 포카 분철 양도 pc poca photo sell ,2022-05-26 05:05:16+00:00,ko
1529689829155348481, 르세라핌의 학교폭력 논란 등으로 주가 눈높이를 지속적으로 낮추고 있다가수 정바비의 곡Filter을 실으면서 일을 키웠다 필터는 년 월 발매된 멤버 지민의 솔로곡  …,2022-05-26 05:04:10+00:00,ko
1529689618312200193, 완전체 활동 포기 르세라핌·하이키 자충수가 될 수 있는 반전의 카드   자충수 a move which fills ones own liberties a metaphorical saying that one…,2022-05-26 05:03:19+00:00,ko
1529689503136632833,  르세라핌 사운드웨이브 팬싸    르세라핌 윤진 허윤진 ,2022-05-26 05:02:52+00:00,ko
1529689308298637312,르세라핌 김채원  파워 아이돌 美  포토  연예 르세라핌 김채원 ,2022-05-26 05:02:06+00:00,ko
1529689245031763968,르세라핌 사쿠라카즈하  같은 日 출신→극과 극 매력  포토  연예 르세라핌 사쿠라카즈하 ,2022-05-26 05:01:50+00:00,ko
1529689030526312448,  르세라핌 사쿠라 찌릿 꾸라 ㅋㅋㅋ ,2022-05-26 05:00:59+00:00,ko
1529688872874958848,르세라핌의 학교폭력 논란 등으로 주가 눈높이를 지속적으로 낮추고 있다가수 정바비의 곡Filter을 실으면서 일을 키웠다 필터는 년 월 발매된 멤버 지민의 솔로곡    정바비수록곡삭제해  정바비filterout  chungbobbyout garamOUT  boycotthybe,2022-05-26 05:00:22+00:00,ko
1529688585351593985,르세라핌  人 체제 활동에도 밝은 분위기  포토  연예 르세라핌  人 ,2022-05-26 04:59:13+00:00,ko
1529688563108917248,르세라핌 피어리스 앨범 포카 양도합니다 윤진  예민하신분 sell poca인증 에눌 ㅅㅊㅇ lesserafim 채원 사쿠라 카즈하 윤진 가람 은채 위버스 미공포 럭드 공방 포카 뮤뱅 특전 쇼케이스 이즈위 일본 라자다 쇼핑라이브 교환 팬싸 영통 사웨 album fearless ,2022-05-26 04:59:08+00:00,ko
1529687818779299841,아이즈원 포카 양도 하자 디엠 문의주시면 보여드려요 그 외 미세하자 있을수도 있습니다  르세라핌 아이브 채원 원영 히토미 민주 은비 예나 증사 ,2022-05-26 04:56:10+00:00,ko
1529698514691043328,하이브 인사이트 앨범 미개봉 대리구매 댈구 양도 HYBE INSIGHT ALBUM OFFLINE proof NOT SCAM  go to store  SEVENTEEN 세븐틴 TXT 투바투 ENHYPEN 엔하이픈 setalbumrandom pc bulk order discount  Original priceproxy fee If you want to buy please DM ,2022-05-26 05:38:40+00:00,ko
1529698919462084608, 레드 채원이 넘 잘 어울려   김채원 CHAEWON チェウォン 르세라핌 LESSERAFIM ,2022-05-26 05:40:17+00:00,ko
1529698735352991745, 미소는 최고의 액세서리입니다    LESSERAFIM KAZUHA 르세라핌 카즈하 ルセラフィム カズハ ,2022-05-26 05:39:33+00:00,ko
1529699851239272450, 지나가는 머글 붙잡고 물어봐 다큰 성인 열애설이 문제냐 사람죽인 불법촬영 성범죄자에 학폭이 문제냐 하이브 작전 잘못짠거 아직도 인정 못하겠지 자폭해라그냥 니들 돌아도 한참돌았고 규범 법감정까지 마비돼가지고 조작에…,2022-05-26 05:43:59+00:00,ko
1529699747350847488, BB 하이브 망하자  FREE TAEHYUNG FROM HYBE LEAVE TAEHYUNG ALONE WeAllYoursideTaehyung  몰카정바비학폭김가람퇴출 chungbobbyout  g…,2022-05-26 05:43:34+00:00,ko
1529699714081619969, bongo이인간 괴벨스 빨았을 확률 퍼 선동은 문장 한줄로 가능하지만 그거 반박하려면 수십 장의 문서와 증거가 필요하다 사진한장 던져놓고 시간끌면서 대중 국민 상대로 기싸움하는 이유도 나중엔 그게 진실인…,2022-05-26 05:43:26+00:00,ko
1529699567083864064, kpoppredictioni YG Producer 열애설이 가짜라 자백함  하이브 직원들은 양심선언 안 하냐  LEAVE TAEHYUNG ALONE FREE T…,2022-05-26 05:42:51+00:00,ko
1529699161259790336,지나가는 머글 붙잡고 물어봐 다큰 성인 열애설이 문제냐 사람죽인 불법촬영 성범죄자에 학폭이 문제냐 하이브 작전 잘못짠거 아직도 인정 못하겠지 자폭해라그냥 니들 돌아도 한참돌았고 규범 법감정까지 마비돼가지고 조작에헛지랄만하는 악질 무능력자들이야  FREE TAEHYUNG FROM HYBE,2022-05-26 05:41:15+00:00,ko
1529700202147647488, 하이브의 차 가해 막아주세요  이 글은 뉴스픽 파트너스 활동의 일환으로 이에 따른 일정액의 포인트를 제공받고 있습니다 김가람 LESSERAFIM LESSERAFIM…,2022-05-26 05:45:23+00:00,ko
1529699957649084416, cuteness overload ㅠㅠ LESSERAFIM 르세라핌 ,2022-05-26 05:44:25+00:00,ko
1529700665039024129, 르세라핌이 두산을 응원합니다 오늘 경기 축하드려요gtlt ,2022-05-26 05:47:13+00:00,ko
1529700515403079680,“오늘도 예쁜 핌둥이들”…르세라핌 ‘학폭 논란’ 김가림 제외→인 체제 활동 근황 르세라핌 LESSERAFIM 김가람 르세라핌데뷔 FEARLESS ,2022-05-26 05:46:37+00:00,ko
1529701092828753920, lIKlNIllIVI kpoppredictioni YG Producer 열애설이 가짜라 자백함  하이브 직원들은 양심선언 안 하냐  LEAVE TAEH…,2022-05-26 05:48:55+00:00,ko
1529718626235797504, 제니 뷔 사실 아닙니다 뷔가 아니라 젠틀몬스터 모델입니다  FREE TAEHYUNG FROM HYBE NOHYBE 언제나태형편 태형아하고싶은거다해   BTStwt  정바비filterout  정바비…,2022-05-26 06:58:35+00:00,ko
1529717798120742912, 하이브 너네끼리는 짜고 치는거네 태형이를 묶어놓을라고 시발 개새끼들 너네는 인간도 아냐 이런 파렴치한짓을 해  FREE TAEHYUNG FROM HYBE LEAVE TAEHYUNG ALONE WeAllYoursideTa…,2022-05-26 06:55:18+00:00,ko
1529719689999286272, 방송 오늘 PM Mnet ltM COUNTDOWNgt에 르세라핌 이 출연합니다  TV LESSERAFIM will be on the ltM COUNTDOWNgt on Mnet on May …,2022-05-26 07:02:49+00:00,ko
1529719544524447744, 팬분들저 아직도 실감이 안나요ㅠㅠ 이렇게 데뷔부터 사랑많이 받게 해줘서 너무너무 고마워요 저희도 여러분에게 사랑 듬뿍 줄거에요 앞으로도 우리 르세라핌 많이 사랑해주세요  LESSERAFIM KIMCHAE…,2022-05-26 07:02:14+00:00,ko
1529719236809043968, LEPLAY 샤인즈의 일본어 교실     LESSERAFIM 르세라핌 르플레이,2022-05-26 07:01:01+00:00,ko
1529719973689450496, ✧ LESSERAFIM Naver Shopping Live Photocards Scan ✧  르세라핌 포카 사쿠라 김채원 허윤진 sakura chaewon yunjin LESSERAFIM 르세라핌 htt…,2022-05-26 07:03:57+00:00,ko
1529719939354898432, ✧ LESSERAFIM Fearless Benefit Kpopmerch Round  Photocard Scan ✧  르세라핌 포카 사쿠라 김채원 허윤진 sakura chaewon yunjin LESSER…,2022-05-26 07:03:49+00:00,ko
1529719925014552576, ✧ LESSERAFIM Fearless Broadcast Music Bank Photocards Scan ✧  르세라핌 포카 사쿠라 김채원 허윤진 sakura chaewon yunjin LESSERAFIM…,2022-05-26 07:03:45+00:00,ko
1529719633603100672,대신 르세라핌 앨범과 잡지 두 권을 샀지요,2022-05-26 07:02:36+00:00,ko
1529719105179512832,근데 지금 서울 시내 돌아다니면 전부 르세라핌 소녀들처럼 입고 다니더라고여,2022-05-26 07:00:30+00:00,ko
1529719015752409088,기사열독 순위 영탁 회째 위 송가인·이찬원·레드벨벳 웬디·르세라핌 TOP 기사열독 영탁 YoungTak 송가인 GaInSong 이찬원 LEECHANWON 레드벨벳웬디 RedVelvetWENDY 르세라핌 LESSERAFIM ,2022-05-26 07:00:08+00:00,ko
1529718781286948865,아이즈원 아이브 르세라핌 김민주 민주 은비 권은비 혜원 강혜원 나코 히토미 이채연 안유진 장원영 예나 최예나 유리 조유리 채원 김채원 포카 교환 양도 합니다 교환은 메인트랑 아이브스테이씨 미공포만 받고 양도는  이상부터 합니다 sell 한국주소 ,2022-05-26 06:59:12+00:00,ko
1529718411667726336,LE SSERAFIM 르세라핌 카즈하 포토카드 양도 받습니다  미공포 미공개 포카 구매하고 싶습니다 일관 우대   제시해서 디엠주세요 즉입 가능 BUY ,2022-05-26 06:57:44+00:00,ko
1529718101704552450,르세라핌 무대 볼맛이 남 허윤진이 넘 잘하고 옷이 이뻐 채원이가 이뻐,2022-05-26 06:56:30+00:00,ko
1529717928974688257,투바투 목요일의 아이 포카 양도  수빈 포카범규 렌티 일괄 구성 •택미포 가격 •급처라 싸게 처분해요  txt 수빈 연준 범규 태현 휴닝카이 포카 헤이트 엔드 메스 티어 신나라 사웨 파스테 엠투유 럭드 미공포 위버스특전 hate mess end 처분 판매 교환 bts 방탄 르세라핌 ,2022-05-26 06:55:49+00:00,ko
1529717887250083841,ㅤㅤㅤ 르세라핌 사쿠라 LILY BROWN  봄 화보 사진  ☛    ☚,2022-05-26 06:55:39+00:00,ko
1529717676519608320,  안방열 직캠K 르세라핌 사쿠라 FEARLESS LE SSERAFIM SAKURA FanCam│SBS Inkigayo      사쿠…,2022-05-26 06:54:49+00:00,ko
1529717373674016768,아이즈원 포카 양도합니다 구매 원하시면 디엠주세요  아이브 유진 일레븐 러브 다이브 아이즈원 민주 하늘위로 환상동화 파노라마 여돌 권은비 은비 사쿠라 르세라핌 김채원 강혜원 최예나 이채연 김민주 나코 히토미 안유진 장원영 효정 오마이걸 폴라 최리 이달소 why not 던던댄스 조유리 ,2022-05-26 06:53:37+00:00,ko
1529717356108333056,  완판 시 추첨 덕자  드림 엔시티 정우 제노 포카 양도  모든 인증가능 덤 많이 드려용  sell eng 급처 키링 럭드 에스파 레드벨벳 르세라핌 아이브 더보이즈 스키즈 엔하이픈 투바투 콜북…,2022-05-26 06:53:33+00:00,ko
1529716863324024833, 산리오 더키월드 코스튬 시나모롤 마이멜로디 포카 홀더 각 에 양도 합니다  포카 앨범 교환 미공포 분철 엑소 방탄 엔시티 드림  투바투 레드벨벳 스키즈 에스파 있지 세븐틴 트와이스 블랙핑크 sf 더보…,2022-05-26 06:51:35+00:00,ko
1529716817702182913,스압 르세라핌 김가람 옹호하다 영혼까지 털린 디씨인 ,2022-05-26 06:51:24+00:00,ko
1529716809414238208,세븐틴 위버스 폼림 뮤뱅 공방 대리 합니다   차만 가능  차마감 실패 시 전액 환불해드립니다  수고비 부터 제시  폼림 경력 마음함확인  위버스 폼림 대리 대리폼림 르세라핌 세븐틴,2022-05-26 06:51:22+00:00,ko
1529716265824456704,르세라핌 김가람 학폭논란에 결국 인체제,2022-05-26 06:49:13+00:00,ko
1529716241077706752,산리오 더키월드 코스튬 시나모롤 마이멜로디 포카 홀더 각 에 양도 합니다  포카 앨범 교환 미공포 분철 엑소 방탄 엔시티 드림  투바투 레드벨벳 스키즈 에스파 있지 세븐틴 트와이스 블랙핑크 sf 더보이즈 호피폴라 에이티즈 몬스타엑스 스테이씨 산리오 아이브 엔하이픈 르세라핌 ,2022-05-26 06:49:07+00:00,ko
1529716128913559552,르세라핌 김가람 학폭 사건 논란 총정리 해보니충격적인 과거나이,2022-05-26 06:48:40+00:00,ko
1529716052094922752,카드뉴스르세라핌 김가람 학폭논란에 결국 인체제,2022-05-26 06:48:22+00:00,ko
1529716016388788224,스압 르세라핌 김가람 옹호하다 영혼까지 털린 디씨인,2022-05-26 06:48:13+00:00,ko
1529716002329890817,헐 그런가 평론가들이 엄청 극찬했구나 몰랐네 나도 르세라핌 기대기대ㅋㅋ 근데 난 들이닥치다라고 이소설이 더 기대되는듯 왜냐하면 여긴 비엘하는계정이니까 시발 안꺼져,2022-05-26 06:48:10+00:00,ko
1529714592381009920, 관심과 구설 모두 안은 르세라핌SS이슈  또 다른 가요 관계자는 “물론 당사자는 사실무근을 주장하고 있지만 아이돌 그룹에게 치명타인 학폭 이슈가 제기된 사실만으로도 하이브와 르세라핌은 부담을 안게 됐다” http…,2022-05-26 06:42:34+00:00,ko
1529713961054052354, Simply KPop CONTOUR LE SSERAFIM 르세라핌  FEARLESS 피어리스  Ep  via YouTube …,2022-05-26 06:40:03+00:00,ko
1529712620068294656,르세라핌 팬덤명  운제생겨요 ,2022-05-26 06:34:43+00:00,ko
1529711881405231104,김채원 포카 양도합니다 All 준등포   준등기  반택  디엠주세용   르세라핌 아이즈원 le sserafim fearless pc 사쿠라 김채원 허윤진 카즈하 김가람 홍은채 분철 분할 양도 교환 럭드 엠투유 사웨 파스테 케타포 위버스샵 미공포 쇼피 쇼라 라자다 특전 공방 홀로그램 노멀 채원 ,2022-05-26 06:31:47+00:00,ko
1529711634360455168,diez chaewon i miss you  르세라핌 김채원 김채원 르세라핌김채원 lesserafim IMLESSERAFIM,2022-05-26 06:30:48+00:00,ko
1529711468924608512,nueve chaewon i love you so much 르세라핌 김채원 김채원 르세라핌김채원 lesserafim IMLESSERAFIM,2022-05-26 06:30:09+00:00,ko
1529711356697534464,ocho we love you chaewon 르세라핌 김채원 김채원 르세라핌김채원 lesserafim IMLESSERAFIM,2022-05-26 06:29:42+00:00,ko
1529711308219617280,르세라핌 위버스재팬 포카 분철 양도 현재 일본 배대지에 있음  채원x 사쿠라  카즈하  윤진x 은채  가람  ,2022-05-26 06:29:31+00:00,ko
1529711280122216449,siete chaewon te amo mucho hermosa 르세라핌 김채원 김채원 르세라핌김채원 lesserafim IMLESSERAFIM,2022-05-26 06:29:24+00:00,ko
1529711154968158209,르세라핌 FEARLESS 김가람 포카 양도합니다 사운드웨이브 사웨 럭드 엠투유 럭드 위버스 홀로그램 입니다 최대한 일괄로 양도하고 싶고 일괄 시 모든 포카  에 드릴게용  각각은 제시해주시면 부르시는 가격에 거의 드려요  DM주세요 ,2022-05-26 06:28:54+00:00,ko
1529711140057530369,seis chaewon is so cute 르세라핌 김채원 김채원 르세라핌김채원 lesserafim IMLESSERAFIM,2022-05-26 06:28:51+00:00,ko
1529711122756308995,르세라핌 노래 괜히 들음 중독성 장난 아니라 계속 머리에 맴돌아,2022-05-26 06:28:46+00:00,ko
1529711054200406016, 이거 보고도 무시하고 르세라핌 빠는 애들 있으면 내심 실망하고 손절할 것 같음 물론 다른 멤버들도 피해를 입은 셈이고 오랫동안 데뷔를 기다려온 팬들도 많지만 얘가 르세라핌이라는 그룹에 남아있는 한 보이콧 안하고 계속 소…,2022-05-26 06:28:30+00:00,ko
1529711047371894784,Cinco chaewon is the best girl 르세라핌 김채원 김채원 르세라핌김채원 lesserafim IMLESSERAFIM,2022-05-26 06:28:29+00:00,ko
1529710951083266050,cuatro chaewon te super mega amo 르세라핌 김채원 김채원 르세라핌김채원 lesserafim IMLESSERAFIM,2022-05-26 06:28:06+00:00,ko
1529710940195033088,탑꾸 스꾸 양도 판매 방탄 스키즈 더보이즈 엔시티 투바투  크래비티 세븐틴 스테이씨 레드벨벳 블랙핑크 빌리 트와이스 있지 아이브 예나 유리 에스파 진 윤기 호석 남준 지민 태형 정국 아이들 몬스타엑스 르세라핌 콜북 드볼 스티커 원영 엔믹스 앙스타 D 스티커탑꾸 포카 폴꾸 커미션 케플러 ,2022-05-26 06:28:03+00:00,ko
1529710919294816258, 르세라핌  人 체제 활동에도 밝은 분위기  포토  연예 르세라핌  人 ,2022-05-26 06:27:58+00:00,ko
1529710886054768641,Tres chaewon is very talented 르세라핌 김채원 김채원 르세라핌김채원 lesserafim IMLESSERAFIM,2022-05-26 06:27:50+00:00,ko
1529710800058949633,dos chaewon is a good singer 르세라핌 김채원 김채원 르세라핌김채원 lesserafim IMLESSERAFIM,2022-05-26 06:27:30+00:00,ko
1529710726826405890,uno te amo chaewon uno dos 르세라핌 김채원 김채원 르세라핌김채원 lesserafim IMLESSERAFIM,2022-05-26 06:27:12+00:00,ko
1529710611784814592, “오늘도 예쁜 핌둥이들”…르세라핌 ‘학폭 논란’ 김가림 제외→인 체제 활동 근황 르세라핌 LESSERAFIM 김가람 르세라핌데뷔 FEARLESS ,2022-05-26 06:26:45+00:00,ko
1529710390485331973,안방열 직캠K 르세라핌 사쿠라 FEARLESS LE SSERAFIM SAKURA FanCam│SBS Inkigay  ผ่าน YouTube,2022-05-26 06:25:52+00:00,ko
1529710231147540481,팝콘 게임즈 카드슬리브 하드 × 개당  양도해요  준등기개까지  반택  일반택배  우체국택배   목요일 발송 popcorn games sleeves hard sell 공구 판매 포카 세븐틴 엔시티 드림 더보이즈 스키즈 방탄 엑소 아이브 에스파 르세라핌 svt nct tbz txt bts opp ,2022-05-26 06:25:14+00:00,ko
1529710190337044482, TS  ㅅ챔ㅍ언 르세라핌  FEARLESS엔딩 i H    FEARLESS  르세라핌 LESSERAFIM ,2022-05-26 06:25:04+00:00,ko
1529710159035269120, 저거 찐 같은게 르세라핌 내에서 릴레이 칭찬해줄 때 김가람이 사쿠라 칭찬해주는 거였는데 굳이 성형한 부분만 콕 집어서 “눈이 크고…코도 엄청 높고…”예쁘다도 아님하면서 위아래로 훑다가 자기 혼자 빵터져서 웃음 멤…,2022-05-26 06:24:57+00:00,ko
1529710089246068737,미디어펜 엠카운트다운 라인업 강다니엘·라잇썸·르세라핌·밴디트·아스트로·ABIX·예린·클라씨·효연 등   HYOYEON GirlsGeneration 소녀시대 SNSD SNSDNEWS,2022-05-26 06:24:40+00:00,ko
1529710039342415872,ㅤㅤㅤ 르세라핌 소녀들은 왜 인어공주가 되었나  ☛    ☚,2022-05-26 06:24:28+00:00,ko
1529709911088984064, 핫핑쿠 르세라핌  LESSERAFIM KIMCHAEWON 김채원 ,2022-05-26 06:23:58+00:00,ko
1529709513745612800,fancam studio choom 르세라핌 김채원 김채원 르세라핌김채원 lesserafim IMLESSERAFIM ,2022-05-26 06:22:23+00:00,ko
1529720059454599169, 오만가지 매력이 활짝 핀 짱세라핌의 매력을  오직 단 한 단어로만 정의할 수 있다면••  그 사람에겐 최소 노벨상은 줘야할 거예요 그렇게 년동안  상을 탄 사람은 없었다고 한다•••   THES…,2022-05-26 07:04:17+00:00,ko
1529719961186209792, ★회 더쇼초이스 후보① 아니 여러분  핌둥이들이랑 더쇼랑 분명히 같이 꽃가게 가서 꽃을 훔쳤는데•• 왜 더쇼만 잡혔죠  THESHOW 더쇼 LESSERAFIM FEARLESS less…,2022-05-26 07:03:54+00:00,ko
1529720887062040576,르세라핌 kpop merch 쇼피 케이팝머치 홍은채 포카 양도합니다 wts   가격 제시 sell   le sserafim fearless pc 김채원 사쿠라 허윤진 카즈하 홍은채 양도 포카 포토카드 굿즈 미개봉 앨범 럭드 엠투유 사웨 파스테 케타포 미공포 쇼피 쇼라 라자다 특전 공방 분철 김가람 가람 ,2022-05-26 07:07:34+00:00,ko
1529720701921288192,연극 뮤지컬 콘서트 대리티켓팅  폼림 해드립니다  용병이라고 생각해 주세요 매크로 직링 사용합니다 선입금 수고비 메트 양식대로 디엠주세요   선예매 공방 사녹 폼림 신우 박지훈 투바투 효연 르세라핌 이펙스 원어스 베리베리 유나이트 클라씨 엔시티드림 아스트로 세븐틴 아이들 댈티,2022-05-26 07:06:50+00:00,ko
1529720141919158272,르세라핌 사쿠라 쇼케이스 입장포카 양도합니다                                                           준등기 반택  sell 사쿠라 김채원 허윤진 카즈하 김가람 홍은채 피어리스 ,2022-05-26 07:04:37+00:00,ko
1529721146609872896, 기사 방탄소년단 컬래버 ‘FATES’ 운명으로 묶인 일곱 소년 스토리 필름 공개   BTS 방탄소년단 FATES FATESHYBE,2022-05-26 07:08:36+00:00,ko
1529721814909431808, 단단한 껍질을 깨고 세상의 주목 아래 데뷔한 걸그룹 르세라핌의 더블유 월호 선공개 화보 LESSERAFIM 르세라핌 Wkorea  ,2022-05-26 07:11:16+00:00,ko
1529721899353538560,LE SSERAFIM OFFICIAL MERCH 르세라핌 공식 MD 분철합니다 MD구매 완료했습니다  가람   배송비  르세라핌 사쿠라 김채원 채원 허윤진 카즈하 김가람 홍은채 양도 포카 공굿 분철 MD 공식 엽서 스티커  옵챗 가람으로 들어와주세요  ,2022-05-26 07:11:36+00:00,ko
1529722245169684485, 뜨거운 에너지 르세라핌 LE SSERAFIM  LESSERAFIM 김채원 허윤진 홍은채,2022-05-26 07:12:58+00:00,ko
1529722142593413121, 르세라핌 kpop merch 쇼피 케이팝머치 홍은채 포카 양도합니다 wts   가격 제시 sell   le sserafim fearless pc 김채원 사쿠라 허윤진 카즈하 홍은채 양도 포카 포토카드 굿즈 미개봉 앨…,2022-05-26 07:12:34+00:00,ko
1529722098519683072,뜨거운 에너지 르세라핌 LE SSERAFIM  LESSERAFIM 김채원 허윤진 홍은채,2022-05-26 07:12:23+00:00,ko
1529722572426059781, 𝐇𝐀𝐏𝐏𝐘 𝐇𝐎𝐒𝐇𝐈 𝐃𝐀𝐘   𝟎𝟔𝟏𝟒 𝟎𝟔𝟏𝟗 𝐌𝐀𝐑𝐈𝐍𝐄 𝐂𝐎𝐅𝐅𝐄𝐄 빅히트 사옥점 HYBEMarine   호시의 번째 생일을 축하하기 위해 생일카페 이벤트를 진행합니다 ఇ ◝‿◜ ఇ  호랑이생…,2022-05-26 07:14:16+00:00,ko
1529722106207821824, BTS에 대한 소문이 무엇이든 믿지 마세요 BTS에서 직접 또는 Hybe Entertainment의 공식 정보를 믿으십시오 ,2022-05-26 07:12:25+00:00,ko
1529722362450804736,뜨거운 에너지 르세라핌 LE SSERAFIM ,2022-05-26 07:13:26+00:00,ko
1529723104750370816,garamout  미친놈 이미 다른 사람을 괴롭히고도 자신을 피해자로 삼으려고 합니까 어서 퇴열해요 홍보 돈을 낭비하지 말아요,2022-05-26 07:16:23+00:00,ko
1529724183777005568, dasonitae 국민을 개돼지로 보는 회사죠 물어뜯을거 던져주고 여론조작 FreeVfromHybe FREE TAEHYUNG freetaehyung 하이브재재계약반대 LEAVE TAEHYUNG ALONE…,2022-05-26 07:20:40+00:00,ko
1529723978935201792,dasonitae 국민을 개돼지로 보는 회사죠 물어뜯을거 던져주고 여론조작 FreeVfromHybe FREE TAEHYUNG freetaehyung 하이브재재계약반대 LEAVE TAEHYUNG ALONE BOYCOTTHYBE NOHYBE FreeTaehyungFromhybe FREE TAEHYUNG FROM HYBE FREE TAEHYUNG FROM COMPANY STAN freeVfromBTS 김가람학폭 정바비아웃,2022-05-26 07:19:52+00:00,ko
1529724238839816192, wkorea Instagram Update with Chaewon  협찬 ltattentiongt 단단한 껍질을 깨고 세상의 주목 아래 데뷔한 걸그룹 르세라핌LE SSERAFIM    르세라핌 LESSERAFIM  김채원 채원 チェウォン KIMCHAEWON Chaewon ,2022-05-26 07:20:54+00:00,ko
1529723996077494272, ʚ fearless baseball ver ɞ  그루트 lesserafim 르세라핌 sakura 사쿠라 ,2022-05-26 07:19:56+00:00,ko
1529724687424507904,ㅤㅤㅤ 르세라핌 사쿠라와 윤진이는 엉덩이를 때리는 것을 좋아한다  ☛    ☚,2022-05-26 07:22:41+00:00,ko
1529724628263763968, 르세라핌 학폭 가해자 김가람 탈퇴 안 하나요 이렇게 또 피해자들이 김가람 보면서 김가람이 괴롭혔던 시간 떠올리면서 고통 속에서 살아 가야 하나요 진심 어린 사과로도 모자를 판에 법적 대응 하겠다는 말에다 데뷔를 시…,2022-05-26 07:22:26+00:00,ko
1529724333178101760,르세라핌 레세라핌 포카 포토카드 미공포 럭드 럭키드로우 사운드웨이브 네이브쇼핑라이브 네쇼라 엠투유 파워스테이선   Le serafim poca phtocard pob Unpearned Lucky Draw Sound Wave Navy Shopping Live Neshora MU Power Station sell  럭드재질상 기스 괜찮으신 분만 ,2022-05-26 07:21:16+00:00,ko
1529723817501036544,ㅤㅤㅤ 르세라핌 순백의 카즈하 채원  ☛    ☚,2022-05-26 07:19:13+00:00,ko
1529723633072975872,프리쿠라 커미션  스트레이키즈 스키즈 투바투 더보이즈 엔시티 엔하이픈 에이티즈 세븐틴 방탄소년단 데이식스 아스트로 트레저 크래비티 베리베리 비투비 엑소 에스파 르세라핌 케플러 스테이씨 엔믹스 양도 스티커 포카 ,2022-05-26 07:18:29+00:00,ko
1529723379238211585,모든 대리티켓팅•취켓팅•폼림버튼림위버스 문의받아요  공지 안 뜬 공연 미리 예약가능  뮤지컬 데스노트•웃는남자•지킬앤하이드•메이사의노래 엔시티 나훈아 제이비 팬콘서트 임영웅 르세라핌 투바투 콘서트 세븐틴 더보이즈 배구 농구 야구 축구 토트넘내한  경력마음함 댈티 양도 ,2022-05-26 07:17:29+00:00,ko
1529722680454225921,ㅤㅤㅤ 르세라핌 허윤진의 바이커쇼츠 입은 엉덩이가 돋보인다  ☛    ☚,2022-05-26 07:14:42+00:00,ko
1529724686497550337,Garam ㅋㅋㅋㅋㅋㅋㅋㅋ,2022-05-26 07:22:40+00:00,ko
1529724597637369856,Garam 나도 안가고싶은데 아빠가 가래,2022-05-26 07:22:19+00:00,ko
1529724691882995712, 투바투 포카 양도   장 이상 거래  준등기끼택반택   sell buy 수빈 연준 럭드 휴닝카이 범규 태현 yeonjun beomgyu soobin hueningkai taehyun mess hate end…,2022-05-26 07:22:42+00:00,ko
1529725404042276864, 쇼챔피언 LESSERAFIM KIMCHAEWON 김채원 ,2022-05-26 07:25:31+00:00,ko
1529725359783956481, slay즈  LESSERAFIM 김채원 CHAEWON ,2022-05-26 07:25:21+00:00,ko
1529725310165319681, 알라잌킷 알라잌킷 라잌 댓 LESSERAFIM HUHYUNJIN ,2022-05-26 07:25:09+00:00,ko
1529725289856905216, 안녕하세요쏘스뮤직입니다 LE SSERAFIM 첫 번째 미니앨범 ‘FEARLESS’ 프로모션의 일환으로 월 일월 시KST 공개 예정이었던 르세라핌 데뷔 트레일러DEBUT TRAILER가 월 일…,2022-05-26 07:25:04+00:00,ko
1529725257564663808, 인기가요 잘봤어요 오늘 의상 맘에들어  LESSERAFIM CHAEWON 김채원 ,2022-05-26 07:24:56+00:00,ko
1529726099533402112, 김가람 학폭피해자 자살시도 정바비 성폭행피해자 자살,2022-05-26 07:28:17+00:00,ko
1529724566645268481, 김가람 학폭 기사 읽어보는데 하이브 진짜 일을 못하는게 아니라 걍 ㅂㅅ같음 어쩌다 방탄 초대박으로 몸집만 커졌지 사건사고 대처는 아직도 좆소임 소속 연예인 팬분들 덕질할때 골치 많이 아프실듯,2022-05-26 07:22:12+00:00,ko
1529724145864671233, 방시혁 이상형과 김가람 ,2022-05-26 07:20:31+00:00,ko
1529723245473062914, 가람이 존나 좋은데 그냥 가람이라 하면  학폭 가해자 김가람으로 오해받을까봐  청가람 좋다고 해야함 ㅅㅂ ,2022-05-26 07:16:57+00:00,ko
1529720211267416064, 자빱 실트가 싸불이면 spc 김가람 정바비 실트도 싸불이겠네라고 말하는 능지에 할 말 잃음  얼마나 한 사람을 악마화하고 싶으면 같은 선상에 두냐 ㅋㅋ 애초에 난 김가람도 개인으로서 불필요한 사이버…,2022-05-26 07:04:53+00:00,ko
1529716821695180800, 김가람  얼굴이 아이린인가 No 보컬이 태연인가 No 랩이 제니인가 No 댄스가 모모인가 No 몸매가 미주인가 No 인성이 슬기인가 No  망상병 변태 오타쿠 한남 아재들의 일진녀 길들이기 프로젝트 당…,2022-05-26 06:51:25+00:00,ko
1529716177773113344,학교폭력 논란에 김가람 빠진 르세라핌,2022-05-26 06:48:52+00:00,ko
1529714440287186944,김가람 아직도 탈퇴 안했어요 ㅋㅋㅋ 레전드  김가람탈퇴해 garamout 김가람학폭,2022-05-26 06:41:57+00:00,ko
1529712998860099584, 하이브 김가람 탈퇴 검토 아예 안 하고 있대 하 ㅋㅋㅋㅋㅋㅋㅋ 이젠 인조도 불매하는 게 맞을 듯 인조로 인기 좀 얻으면 나가람 다시 끼워서 활동하겠다는 거잖아 ,2022-05-26 06:36:14+00:00,ko
1529712499615858689, 김가람 좋아할거면 이거나 보시면서 꼭 평생을 살아가시길•• ,2022-05-26 06:34:15+00:00,ko
1529709580212613121, 김가람 학폭피해자 자살시도 정바비 성폭행피해자 자살 ,2022-05-26 06:22:39+00:00,ko
1529708520106782720,르세라핌 LESSERAFIM 미공포 포카 포토카드 pc 양도 판매 특전 일본 위버스  김채원 사쿠라 김가람 홍은채 허윤진 카즈하 아이즈원 후드채원 윙크채원 쇼피 shopee 럭드 케이팝머치 케타포 쇼케이스  인증가능 하자예민X Sell ,2022-05-26 06:18:26+00:00,ko
1529707717337976832,르세라핌 포토카드 양도 Sell DM주세요 은채 홍은채  ㅅㅊㅇ 르세라핌 데뷔 쇼케이스 특전 미공포 포토카드 포카 양도 교환 판매 사쿠라 김채원 카즈하 허윤진 김가람 홍은채 야광봉 응원봉 키트 위버스샵 신나라 예스 케타포 케이타운포유 미공포 채원 은채 앨범 뮤직뱅크 뮤뱅 공방포카 ,2022-05-26 06:15:15+00:00,ko
1529707258732761088,르세라핌 포카 포토카드 양도해요 wts lfb LE SSERAFIM photocard yangdo FEARLESS pc sell  앨포 럭드 특전 양도 준등기   lesserafim showcase present LD pob wtb 사쿠라 김채원 카즈하 홍은채 허윤진 김가람 공방 broadcast poca selling GARAM YUNJIN KAZUHA EUNCHAE SAKURA CHAEWON ,2022-05-26 06:13:25+00:00,ko
1529707196484702208,TOP이슈 르세라핌 ‘학폭 가해’ 김가람 빈자리…오히려 음원 성적 상승 르세라핌 LESSERAFIM　   ,2022-05-26 06:13:10+00:00,ko
1529704849444548608,김가람 탈퇴 안 하면 걔 슬금슬금 또 활동하려고 하겠지,2022-05-26 06:03:51+00:00,ko
1529702687532793856,르세라핌 특전 세트 양도   SW      krw PS        krw  배송비 별도  Paypal ok  Eng ok  ㅅㅊㅇ LE SSERAFIM 사쿠라 김채원 허윤진 카즈하 김가람 홍은채 FEARLESS ,2022-05-26 05:55:15+00:00,ko
1529702006495285248,김가람 빠져서 르세라핌 무대 노래 오늘 처음 봄 세라핌 아니 르세라핌 짱gt•lt,2022-05-26 05:52:33+00:00,ko
1529701292569817088, 사람 열받게 하는 것도 참 재주라면 재주다  우리가 기다리는 건 사골국 리믹스가 아니라 신곡 내고 무대활동하는 거 보는 거라고  그리고 성범죄자 정바비 음악 빼  학폭 가해자 김가람 탈퇴시켜   이딴 식으로 넘어갈…,2022-05-26 05:49:43+00:00,ko
1529699875561975808, 학폭가해자 김가람 피해자 자살시도 함 성범죄자 정바비  차 피해자 자살함 차 피해자 재판진행중 이런사실을 알면서도 피해자에게 차가해중인 소속사 하이브  김가람탈퇴해 정바비참여곡삭제해,2022-05-26 05:44:05+00:00,ko
1529699853441597440, 이번사안은 안타깝게도 김가람 학폭관련 인증글에서 ㅌㅎ이가 등장했으니 회사입장에서는 잘됐네 싶었을거고 소름돋게도 어제 하루 온국민이 그얘기만함 회사하는 짓이야 몇년째봐왔으니 빤하고 이제 이거 시들해지면 또 머스터…,2022-05-26 05:44:00+00:00,ko
1529699822831251457, 하이브가 학폭 호 처분인인 김가람을 피해자 라고 하고 진짜 피해자분을 가해자로 몰겠다며 내뱉은 말이 속옷 몰카야 근데 하이브는 성관계 몰카 찍은 성범죄자 정바비는 용서 해줬거든 내로남불의 최고봉 하이브   김가람탈퇴해…,2022-05-26 05:43:52+00:00,ko
1529699813230379009, 김가람 이샛키야 감히 내가수를 능멸했어 너따위가 피해자 n차가해하고 돌판선배들 섹드립하고 하이브뒤에 숨었어 더러운 입싸물고 탈퇴해 하이브 몰카성범죄자 정바비 학폭가해자 김가람 쓰레기 싹다 묻고 피해자 차가…,2022-05-26 05:43:50+00:00,ko
1529699801477939200, 기껏 우리애들이 배불려줬더니 삽질 하다하다 똥싸고있네 성폭력몰카범 정바비학폭가해자 김가람 싸고도는 양아치회사 얘네 본질은 같아 얘네들 싼똥 내가수한테 안묻히려면 불매밖에 없음 김가람들어왔을 때 투트랙으로…,2022-05-26 05:43:47+00:00,ko
1529699635433918469, 학폭가해자 김가람 데뷔시키고 피해자차가해하기 성범죄자 정바비 참여곡 수록하기 피해자에게 한없이 악독한 소속사 하이브  김가람탈퇴해 정바비참여곡삭제해,2022-05-26 05:43:08+00:00,ko
1529699563451596800, 불법촬영혐의 정씨의 곡은 베앨에 넣어도 된다는식의 행동을 하면서 김가람이 무단촬영 당했다라고 문제시하면 안되는거죠 그런 불법적인행동에 면죄부를 주겠다는거 아닙니까 그러면서 김가람 옹호는 왜해요 그건 맞고 이건 틀려요…,2022-05-26 05:42:51+00:00,ko
1529699095035596810, 학교폭력행사한 김가람은 부득부득 활동을 이어가고 고작 명품 짭을 입은 프리지아가 자숙 후 봉사라니 세상이 어떻게 되는거임,2022-05-26 05:40:59+00:00,ko
1529696740282343424, 이런거때문에 김가람이 악질인거겠지… 엥 김가람은 활동 잘 하던데요 짱세라핌 최고 이럴수도 있잖아… 학폭 가해자가 잘됐다는 선례를 남기게 된다는게 참 싫어,2022-05-26 05:31:37+00:00,ko
1529696712541241345, 김가람탈퇴해 가족 자체가 똥통이네 김가람 호처분 받았고 사회봉사 부모님은 학폭예방교육까지 받았다는데 아무렇지 않게 데뷔를 시킴 ,2022-05-26 05:31:31+00:00,ko
1529696707638083584, 김가람 활중 말고 탈퇴해라  이 글은 뉴스픽 파트너스 활동의 일환으로 이에 따른 일정액의 포인트를 제공받고 있습니다 김가람 김가람학폭 김가람탈퇴해,2022-05-26 05:31:30+00:00,ko
1529696671839711232, 김가람 팬들은 이제쯤 알려나   니네가 준 사랑이 어린 여학생 하나를 죽인거임 남 인생은 다 망치고 니는 팔자 펴보겠다고 사랑받는 직업 선택한게 진짜 ,2022-05-26 05:31:21+00:00,ko
1529696649182081025,  진짜 돌판 망햇다니까   김가람 학폭했다며 근데 너무 예뻐  예쁘면 다냐  그래도 이뻐… 입덕할거같아  정신차리세요… 역시 이래서 돌판에 학폭돌을 들이는게 아님  보통 김가람 너무 예뻐 근데 학폭…,2022-05-26 05:31:16+00:00,ko
1529726694864523265, 오늘의르세라핌   두산베어스 시구amp시타  LESSERAFIM 르세라핌 ,2022-05-26 07:30:39+00:00,ko
1529726682403246081, 오늘의르세라핌   인기가요   LESSERAFIM 르세라핌 FEARLESS BlueFlame ,2022-05-26 07:30:36+00:00,ko
1529726431827468288,    천사  김채원 KIMCHAEWON  르세라핌 LESSERAFIM ,2022-05-26 07:29:36+00:00,ko
1529726397651963904, W Korea 화보 고화질 허윤진    ,2022-05-26 07:29:28+00:00,ko
1529726396171317248,   러블리 윤진   허윤진 HUHYUNJIN ホユンジン 르세라핌 LESSERAFIM ,2022-05-26 07:29:28+00:00,ko
1529727111640272896, 김가람탈퇴해 지우는거 맞는듯 시간 전에 봤을때만 해도 대였음 찌질하게 지울 시간에 르세라핌 학폭 가해자 학폭위 호 김가람 탈퇴나 시켜 미친 소속사야,2022-05-26 07:32:19+00:00,ko
1529726811625910272, 르세라핌 김가람 학폭 피해자 측 사과 없다면 메시지 공개할 것 SBS뉴스 ,2022-05-26 07:31:07+00:00,ko
1529726684525895680,르세라핌 사쿠라 쇼케이스 입장포카 양도합니다                                                                                                    준등기 반택  sell 사쿠라 김채원 허윤진 카즈하 김가람 홍은채 피어리스 ,2022-05-26 07:30:37+00:00,ko
1529726633271508992,르세라핌 tou 미공포 분철앨범x 사쿠라 김가람 허윤진 채원 은채 카즈하  추후 국내배송비 있습니다 ,2022-05-26 07:30:24+00:00,ko
1529726174917988353,아이즈원 아이브 르세라핌 포카 양도합니다 계좌 즉입만 ,2022-05-26 07:28:35+00:00,ko
1529725959829606400, 살 즈하 버킷리스트   뿌링클 치킨 마리 먹기  치즈볼 개 먹기  르세라핌으로 건강하고 행복하게 활동하면서 성장하기 ,2022-05-26 07:27:44+00:00,ko
1529725684175646720,르세라핌 파워스테이션사운드웨이브엠투유쇼핑라이브 판매 ,2022-05-26 07:26:38+00:00,ko
1529725217836175360, 쿠라 윤진 은채예스즈 르세라핌내 제일 시끄러운 세명 근데 또 제일 눈물도많음 위할때마다 눈물흘림lt 이거얘기하다가 얘기 또 길어짐 오디오 절대안비는조합 ,2022-05-26 07:24:47+00:00,ko
1529726900779724800, 유퀴즈보고 학교폭력  그것도 학폭위호처분 받은 아이돌이 나와서는 안된다고 생각한다 선례를 남기면 안된다 김가람 은 잘만 나오던데요 어른들아 정신차리자 내 자식이 당했대도 이럴수 있을런지 김가람학폭 김가람탈퇴해…,2022-05-26 07:31:28+00:00,ko
1529727387201830918, 김가람도 학교 폭력의 피해자였습니다 의 두번째 문단에 김가람이 페메로 괴롭힘 당했다는데 괴롭힘 당했다는 애가 어떻게 하면 이런 페메들이 남음 ,2022-05-26 07:33:24+00:00,ko
1529727257207783424, 너네 좆됨 김가람 쏘스뮤직 병신들아 ㅋㅋ ,2022-05-26 07:32:53+00:00,ko
1529727224236351488, 열심히 안모아도 걍 트위터에 김가람 포카 기부해달라고 집주소랑 같이 적어올리면 우편함에 버전별로 한바가지 쌓일 거 같은데 김가람탈퇴해,2022-05-26 07:32:45+00:00,ko
1529727163783847936, 김가람탈퇴해 당장 인 체제로 활동하면 김가람 빠졌기 때문에 좋아하는 사람들 많아질 거고 인기 많아졌을 때 은근슬쩍 집어넣을 수작 뻔히 보이죠 다시 복귀했을 때 쇼케이스에서 눈물 보이며 그동안 힘들었다고 말해서…,2022-05-26 07:32:31+00:00,ko
1529727104782594048, 엽떡 마라탕 많이 먹고 나처럼 굶지 말고 여름에 편한 티셔츠 마음껏 입고 김가람의 데뷔 옹호를 취소한다 방탄소년단이 군대를 가든 말든 국가가 알아서 하겠지 난 내 할 일을 하겠어 트위터 인간들에게 올리는 체코에서의 마지…,2022-05-26 07:32:17+00:00,ko
1529727073702809600, 결론은 김가람 가해자 맞고 학폭위 열린것도 다 사실이라는 소리네ㅋㅋㅋㅋ 김가람이 학폭을 한건 친구를 위한 거고 진짜 잘못한건 피해자다 정작 자기들 불리한 얘기 쏙 빼놓고 학교폭력 정당화하면서 피해자 차가해하는 소속사…,2022-05-26 07:32:09+00:00,ko
1529727063254761472, 누가 둘 사이 원래 친구였고 틀어진게 궁금하대  미성년자 둘 사이 자질구레한 관계변화 일대기를 왜 대체 인터넷에 공지로 뿌리냐고 회사가  김가람이 학교폭력으로 무려 보호처분 호를 받은 그 상세내용이 궁금하…,2022-05-26 07:32:07+00:00,ko
1529727702445436928, YG Producer 열애설이 가짜라 자백함  하이브 직원들은 양심선언 안 하냐  LEAVE TAEHYUNG ALONE FREE TAEHYUNG FROM HYBE…,2022-05-26 07:34:39+00:00,ko
1529727023614001152,캐럿반 너무 가지고 싶어 근데 지구가 아파 하지만 세븐틴을 사랑해 그러나 하이브를 미워해 however 캐럿반 널 갖고 싶어 but I hate hybe nevertheless 캐럿반 너와 평생 함께하고 싶어 진짜 내 맘은 뭘까,2022-05-26 07:31:58+00:00,ko
1529727454906322944, 귀여워  miyawakisakura 宮脇咲良 미야와키사쿠라 사쿠라 SAKURA さくら 르세라핌 LESSERAFIM ,2022-05-26 07:33:40+00:00,ko
1529728682298085377, 이런 사람들이 모여모여  김가람영원해 이런 해시 쓰는 거구나 김가람탈퇴해 정바비참여곡삭제,2022-05-26 07:38:33+00:00,ko
1529728563494416384, 김가람탈퇴해 모든걸 싹 다 공개하고 김가람 연예계에 다시 못오게 해주시고 소속사에서도 손을 아예 못쓰게 해주세요 탈퇴랑 사과공지글 바로 올라올수 있게해주세요,2022-05-26 07:38:05+00:00,ko
1529728455520440320, 아이돌 안빨아서 르세라핌 김가람 학폭에 대해 자세히 몰랐는데 기사 읽어보니 악마도 울고 가겠다ㅋㅋㅋ 현실판 lt악마를 보았다gt임  르세라핌 하이브 김가람 김가람학폭 김가람학폭가해자 …,2022-05-26 07:37:39+00:00,ko
1529728418895790080, 우와  탈퇴가 아니라 활동중단인 것도 어이없는제 그 이유마저도  gt김가람의 다친 마음을 치유하기 위해서lt  심지어 복귀 언급까지 못박아두고요  논란 이후로 최악 중에 최악 행보만 하고 잇는 회사가…,2022-05-26 07:37:30+00:00,ko
1529728263089963010, 하이브가 만약 김가람 학폭을 묻으려고 뷔를 이용했다면 아미들은 가만히 있지 않을겁이다 김가람탈퇴해,2022-05-26 07:36:53+00:00,ko
1529727986261716992, 진심 ㅋㅋㅋㅋㅋㅋㅋㅋㅋㅋㅋㅋㅋㅋㅋㅋㅋㅋㅋㅋㅋㅋㅋㅋㅋㅋㅋㅋㅋㅋㅋ 본 중에 제일 어이없는 입장문임 ㅋㅋㅋㅋㅋㅋㅋㅋㅋ 그럼 본인목격자보호자 최소 번하는 사실관계 조사를 모두가 한마음 한뜻으로 김가람에게 누명을 씌웠다는건가요…,2022-05-26 07:35:47+00:00,ko
1529727906020474881, 김가람탈퇴해 아니 레알로 지우나봐 어제까지만 해도 만개 넘었고 오늘 점심까지만 해도 만천개 였는데 지금 만 천대임 하이브 직원들도 다 똑같다 학폭한 김가람이나 그거 막으려고 차 피해하는 하이브 직원이나… 둘다 가…,2022-05-26 07:35:28+00:00,ko
1529727888706387968, 김가람탈퇴해 르세라핌 김가람씨는 탈퇴하고 소년원에서 재데뷔 하시길,2022-05-26 07:35:24+00:00,ko
1529727867982344192, 하이브가 진짜 반짝 뜬 졸부같고 없어보이는 이유는 이런 일이 일어나면 임원이라면 어른이라면 피해 학생 극단적 시도와 현 상태에 적어도 안타까운 마음은 표해야 되는 거 아니냐 이 상황에 피해자분께 너만 피해자냐 김가람도…,2022-05-26 07:35:19+00:00,ko
1529727845588955136, 김가람이 막상 연예계 활동 안한다고 해도 피해자한테 반성 하는 기미 하나도 안보일 거 같음 ㅋㅋㅋㅋ  김가람 덕에 르세라핌 이미지 떡락 하이브 이미지 떡락  르세라핌 모든 멤버들도 안좋게 보이기 시작함 ㅋㅋㅋ,2022-05-26 07:35:14+00:00,ko
1529727767319048192, 김가람 학폭 아니라고 쉴드 치던 사람들도 그냥 무작정 빠질하던 사람들도 다 자기도 차가해자 라는 걸 알았으면 좋겠다,2022-05-26 07:34:55+00:00,ko
1529727612301750273, 김가람 당연히 잘못했고 반성하고 살아야지 근데 얘도 학교에서나 왕 노릇했지 앞으로 이제 평생 학폭가해자 꼬리표 달고 살아야함 자업자득이지만 어쨌든 얘도 좆됨 근데 하이브는 그 대단하신 대기업이 저런 대처를 했…,2022-05-26 07:34:18+00:00,ko
1529727534535180288, 시기가 너무 맞는 게 실제로 년도에 중이었고 학폭위가 월에 열려서 절차 시간 감안하면 월에 처분 내려진 게 타이밍이 딱 맞음 이 글이 년도 월인데 이때면 중이고 한창 예고진학을생각하고있을때였을거임 그렇다…,2022-05-26 07:33:59+00:00,ko
1529727467841531904, 년동안 일해서 즈그 건물 세워 준 븨보다 김가람 지키는게 더 중요한 하이브 ,2022-05-26 07:33:43+00:00,ko
1529727437642547200, 이거 진짜 읽으면서 다 큰 어른들이 이래도 되나 싶더라 김가람은 “피해자”였다고 명명하고 유은서는 “피해를 주장하는 당사자”라면서 끝까지 피해자라고 언급 안하는 거… 이미 김가람이 가해자 유은서가 피해자 신분으로 학폭위까지…,2022-05-26 07:33:36+00:00,ko
1529728876661813248,KOREA BANK TRANSFER SERVICE  ■PAYPAL ■KOREA BANK  ●TRANSFER TO KOREA BANK   PLS DM  FAST TRANSFER  ※HELP REPO TO POLICE※ ※CHEAP RATE ※  ㅅㅊㅇ방탄 위버스 정국 ENHYPEN 판매 양도 포카 BTS 매직샵 블랙핑크 엑소 TXT HYBE selling 트와이스,2022-05-26 07:39:19+00:00,ko
1529729052210253825,WTS  want to sell 르세라핌 양도  LE SSERAFIM Shopee Thailand photocard benefit    On hand  Video   only Thai account  Thai address  Please offer ignore lowball offer DM only  사쿠라 김채원 카즈하 허윤진 김가람 홍은채 SAKURA CHAEWON KAZUHA YUNJIN GARAM EUNCHAE ,2022-05-26 07:40:01+00:00,ko
1529728793644253184, 주간아 주간아이돌 weeklyidol LESSERAFIM 르세라핌 lesserafim   삐용삐용에에엥에엥 COMING SOON  르세라핌 유튜브 라이브 안내 WEEKLY IDOL LIVE…,2022-05-26 07:39:00+00:00,ko
1529729206422163456,르세라핌 너뮤 보고싶어요,2022-05-26 07:40:38+00:00,ko
1529729152647045120,  르세라핌 사쿠라 뭘 봐의 정석 ,2022-05-26 07:40:25+00:00,ko
1529729102332059648,W Korea 르세라핌 화보 김채원 ,2022-05-26 07:40:13+00:00,ko
1529729015845879813,리원이 선유만 남았고 선유는 비트로드 선유까지 무료로 드려요  방과후 설렘 클라씨 포카 장기분철 분철 양도 명형서 윤채원 홍혜주 김리원 원지민 박보은 김선유 CLASSY 아이브 케플러 엔믹스 스테이씨 있지 레드벨벳 트와이스 블랙핑크 아이들 마마무 빌리 르세라핌 여돌 여자아이돌 ,2022-05-26 07:39:53+00:00,ko
1529729007021076480, 학폭 피해자 고소하는데 돈 보태실건가요 하이브 신인 여돌 르세라핌 김가람 불법촬영 피해자 고소하는데 돈 보태실건가요 방탄 작곡가 가을방학 정바비 마약성범죄 기업에 돈 보태실건가요 방탄 앨범 제작 YGplus  더이상…,2022-05-26 07:39:50+00:00,ko
1529728752363929600,르세라핌 포카 양도해요 디엠 주세요  김채원 사쿠라 허윤진 카즈하 김가람 홍은채 피어리스 앨범 포토카드 판매 구매 교환 분철 특전 미공포 사웨 럭드 파워스테이션 엠투유 케타포 쇼피 팬싸 공방 셀카 럭키드로우 미개봉 엠디 ,2022-05-26 07:38:50+00:00,ko
1529727568999763968,문제점 많은 슈주도 멤버 수 줄이는데 르세라핌은 문제점 많은 명을 못 떨궈내,2022-05-26 07:34:08+00:00,ko
1529729588854951937, 학폭 공방 김가람 데뷔 일 만에 사회면 진출역대급 불명예 기록 달성 ,2022-05-26 07:42:09+00:00,ko
1529729217445101569,실트에 김가람 삭제 된 거 ㄹㅇ 웃김,2022-05-26 07:40:41+00:00,ko
1529729167092490240, 김가람탈퇴해 방시혁이 김가람 안내보내는 이유ㅋㅋ ,2022-05-26 07:40:29+00:00,ko
1529729049308069888, 진짜 어이없다 실제로 발생한 사안의 일부면 김가람 학폭 인정하는꼴아님  허위사실도 아니고 ㅋㅋㅋㅋ ,2022-05-26 07:40:01+00:00,ko
1529728961600954368, 김가람은 탈퇴하고 공익을 위해서 시술 수술 정보 공유 및 리뷰 유튜버나 해,2022-05-26 07:39:40+00:00,ko
1529730316772212736,W korea 화보   르세라핌 LESSERAFIM  홍은채 은채 HONGEUNCHAE ,2022-05-26 07:45:03+00:00,ko
1529730222056415232,  쇼피 영통팬싸 shopee fansign  제가 Sour Grapes이랑 잘 어울긴가봐  LESSERAFIM 르세라핌 HUHYUNJIN 허윤진 YUNJIN 윤진 …,2022-05-26 07:44:40+00:00,ko
1529730167739863040, VIDEO 사랑스러움으로 가득 찬 LESSERAFIM 르세라핌 FEARLESS  THE SHOW   ,2022-05-26 07:44:27+00:00,ko
1529730657382899712, 한터차트 HanteoChart 주간 음반차트 월 주 Weekly Physical Record Chart rd Week of May  Top  offclASTRO  officialONEUS  TXT…,2022-05-26 07:46:24+00:00,ko
1529730686592385025,garamarion 나도 잘 몰라서 팦잘알 트친들 답 기다리는 즁   ,2022-05-26 07:46:31+00:00,ko
1529730596406448128,garam 겁에질렸군,2022-05-26 07:46:09+00:00,ko
1529731237056860160, 데일리 은채  LESSERAFIM EUNCHAE FEARLESS 은채 ,2022-05-26 07:48:42+00:00,ko
1529731209022132224,Keep your focous on the issue not in Hybe content This company didnt sort out things dont get distracted by it drop the tags  국뷔지켜  국뷔유닛 국뷔최고 국뷔사랑해 WE LOVE YOU TAEKOOK  TAEKOOK FOREVER  TAEKOOK BEST UNIT,2022-05-26 07:48:35+00:00,ko
1529730589661995008, 방탄소년단갤러리는 박지민 악개들과 하이브 바이럴 직원들의 일터입니다 이미 한두 아미가 월 일 계정에 회사작전을 알려줬네요  FREE TAEHYUNG FROM HYBE FREE TAEHYUNG FROM…,2022-05-26 07:46:08+00:00,ko
1529732079734620160,전보다 괜찮게 나왔네요ㅎ  혹시 아래 링크 깨지면 알려주세요   르세라핌 LESSERAFIM 포카 HD 장 포토카드  상세정보    파트너스 활동을 통해 일정액의 수수료를 제공받을 수 있음  낼 두시에 막힐거 같아요 ㅠ,2022-05-26 07:52:03+00:00,ko
1529731890344710144, 저희 첫 위 했어요 팬분들도 너무너무 축하하고 고마워요 우리 앞으로도 쭉 함께해서 행복하자구요 더 열심히 하는 르세라핌 될테니까 지켜봐주세요 사랑해요  LESSERAFIM KIMCHAEWON https…,2022-05-26 07:51:18+00:00,ko
1529731860065988608, 저희가ㅠㅠ위를ㅠㅠ했어요ㅠㅠ 덕분에 평생 잊지 못할 소중한 날이 된 것 같아요 값진 상 오늘 받게 되었는데 그것도 팬분들 앞에서 받을 수 있어서 더욱더 울컥했던 거 같아요 감사하고 또 감사합니다  LESSER…,2022-05-26 07:51:11+00:00,ko
1529731781909684224,르세라핌 위버스 특전 포카 양도  편택만 가능합니다 예민하시면 구매 준등기 quasiregistration  LE SSERAFIM fearless 김채원 사쿠라 카즈하 홍은채 김가람 허윤진 포카 위버스샵 특전 홀로그램 poca ,2022-05-26 07:50:52+00:00,ko
1529732237100732417,전보다 괜찮게 나왔네요ㅎ  혹시 아래 링크 깨지면 알려주세요   르세라핌 앨범 피어리스 미니 집 FEARLESS 종세트  상세정보    파트너스 활동을 통해 일정액의 수수료를 제공받을 수 있음  낼 두시에 막힐거 같아요 ㅠ,2022-05-26 07:52:41+00:00,ko
1529732016350015488,모두의 익명 질문을 모집 중  최근 답변한 질문 ● 브리님 스페이스 푸슝 공유해… ● 여자들은 미술관 갔으면 가서… ● 스페 왜 나가셨어요오ㅜ ● 진심 르세라핌 떡밥 뜰때마다… 질문상자 익명질문모집중  ,2022-05-26 07:51:48+00:00,ko
1529731489914425344,르세라핌 앨범 포카 양도  LESSERAFIM fearless 앨범 포카 양도 교환 poca 김채원 채원 사쿠라 쿠라 카즈하 홍은채 은채 김가람 가람 허윤진 윤진 위버스샵 홀로그램 특전 미공포 양도 럭드 쇼케이스 엠투유 케타포 사웨 luckydraw ,2022-05-26 07:49:42+00:00,ko
1529730323340480513, 김가람탈퇴해 김채원이 너무 안쓰러움… 재데뷔 제일 오래 걸리고  리더라고 학폭 가해자 커버하고 하이브가 좆같은 의상 입히고 안무 시키고 메보 롤이라 고생하고 유일한 한국인 재데뷔 멤버라고 홍보 활동 오지게 나가고…,2022-05-26 07:45:04+00:00,ko
1529732826840678400, 주간아 재밌게 보셨나요   LESSERAFIM GARAM ,2022-05-26 07:55:01+00:00,ko
1529732805340561408, 오늘 팬싸인회 재밌었어요 앞으로도 자주 봐용 감사합니다    LESSERAFIM KIMGARAM ,2022-05-26 07:54:56+00:00,ko
1529732788101971985, 핑꾸핑꾸  오늘도 와주셔서 감사합니다  LESSERAFIM GARAM ,2022-05-26 07:54:52+00:00,ko
1529732776009814017, 저번주 뮤뱅때 못풀었던 사진이지롱롱  LESSERAFIM GARAM ,2022-05-26 07:54:49+00:00,ko
1529733703794049024, 나의 김가람 최애 파트 더는 없어 패배 ,2022-05-26 07:58:30+00:00,ko
1530008628182523904, SEVENTEEN세븐틴 th Anniversary Merch MOMENT  QampA  SEVENTEENs MOMENT  앞으로도 좋은 MOMENT 만들자구요 캐럿들과 함께한 년 중 세븐틴의 기억에 남은 순…,2022-05-27 02:10:57+00:00,ko
1530008257431240704, SEVENTEEN세븐틴 th Anniversary Merch MOMENT  Design Behind  세븐틴의 손길이 담긴 주년 기념 머치 멤버들의 손그림에 숨겨진 의미는   …,2022-05-27 02:09:29+00:00,ko
1530007883118944256,RT  rt 포카 반 이상 팔리면 덕자  쏴 드려용  준등기   반택    dm me plz   photocard poca Hybe Insight card sell 투바투 럭키드로우 포카 럭드 하이브 인…,2022-05-27 02:08:00+00:00,ko
1530010440474198016, 가기전에 문제해결을 위한 공지는 줘야하지 않겠니 정바비수록곡삭제해  HYBEOFFICIALtwt BIGHITMUSIC  btsbighit hitmanb HYBEMERCH weverseshop…,2022-05-27 02:18:09+00:00,ko
1530011963937660928, 해명자료 다 찾아서 안겨줘도 입닫고 있는 소속사 이런게 부작위범이지 뭐냐 내부공사 다 쳐놓고 아무것도 안한 척 하긴 안티들 자료 다 모아줘도 안해 팬이 대신 고발한것마저 막은 것들이잖아 경찰수사 압수수색 직…,2022-05-27 02:24:13+00:00,ko
1530012573793329152, 심리적 괴롭힘이 사주편 확대판인 것 같네 남은 계약기간 이보다 더한 짓도 할텐데 우리는 도 흔들림 없으니 팬들 믿고 잘 버텨줘 우린 깐부잖아 너의 용기를 응원해 너의 독립을 기대하고 기다려  태형아하고싶은…,2022-05-27 02:26:38+00:00,ko
1530016421295849472, 리 제니 뷔 사실 아닙니다 뷔가 아니라 젠틀몬스터 모델입니다  FREE TAEHYUNG FROM HYBE NOHYBE 언제나태형편 태형아하고싶은거다해   BTStwt  정바비filterout  정…,2022-05-27 02:41:55+00:00,ko
1530017058208899072,  프리뷰 오늘도 넘 이뽀  카즈하 KAZUHA LESSERAFIM LESSERAFIM 르세라핌 一葉 中村一葉 かずは ルセラフィム カズハ lesserafim …,2022-05-27 02:44:27+00:00,ko
1530017047865806849,  프리뷰  허윤진 윤진 ユンジン yunjin 르세라핌 LESSERAFIM ,2022-05-27 02:44:25+00:00,ko
1530017040706064385,  중중퇴 아니 어디 또 가니 즈하야 ㅋㅋㄱㅋ 넘 바쁜거 아냐 우래기  카즈하 KAZUHA LESSERAFIM LESSERAFIM 르세라핌 一葉 中村一葉 かずは ルセラフィム カズハ …,2022-05-27 02:44:23+00:00,ko
1530017030887317534,  뮤뱅 출근길    허윤진 YUNJIN ホユンジン 카즈하 KAZUHA カズハ 샤인즈 SHINEZ 르세라핌 LESSERAFIM ,2022-05-27 02:44:21+00:00,ko
1530017016358522880, 여러부우운  너무너무 보고싶었어요 오늘 무대 어땠나요 일렉기타 치고싶게 만드는 의상  LESSERAFIM HUHYUNJIN 허윤진 ホユンジン ,2022-05-27 02:44:17+00:00,ko
1530017014579863554,  뮤직뱅크 중출 카즈하 프리뷰  카즈하 KAZUHA  르세라핌 LESSERAFIM ,2022-05-27 02:44:17+00:00,ko
1530017011467952128,  르세라핌 카즈하 뮤직뱅크 중간퇴근  프리뷰 카즈하 KAZUHA 르세라핌 LESSERAFIM ,2022-05-27 02:44:16+00:00,ko
1530017007030407169,  르세라핌LE SSERAFIM 우아한 비주얼의 하트 장인들 KBS 뮤직뱅크 출근길   르세라핌 LESSERAFIM FEARLESS 사쿠라 김채원 허윤진 카즈하 홍은채 뮤직뱅크 MU…,2022-05-27 02:44:15+00:00,ko
1530016997018243072, 중중퇴 아니 어디 또 가니 즈하야 ㅋㅋㄱㅋ 넘 바쁜거 아냐 우래기  카즈하 KAZUHA LESSERAFIM LESSERAFIM 르세라핌 一葉 中村一葉 かずは ルセラフィム カズハ lesserafim ,2022-05-27 02:44:13+00:00,ko
1530016988193357824,  하 이   르세라핌 LESSERAFIM 사쿠라 宮脇咲良 ,2022-05-27 02:44:10+00:00,ko
1530016975870517249,  사운드웨이브 팬싸  채원이 갸루피스  르세라핌 김채원 채원 LESSERAFIM KIMCHAEWON CHAEWON ,2022-05-27 02:44:08+00:00,ko
1530016970753843201,  뮤직뱅크 중중퇴 카즈하 프리뷰  카즈하 KAZUHA  르세라핌 LESSERAFIM ,2022-05-27 02:44:06+00:00,ko
1530016965221175297,  중출 즈하야  카즈하 KAZUHA LESSERAFIM LESSERAFIM 르세라핌 一葉 中村一葉 かずは ルセラフィム カズハ lesserafim …,2022-05-27 02:44:05+00:00,ko
1530016963920945153,  중퇴   카즈하 KAZUHA LESSERAFIM LESSERAFIM 르세라핌 一葉 中村一葉 かずは ルセラフィム カズハ lesserafim …,2022-05-27 02:44:05+00:00,ko
1530016937664970752, 오늘도 모자 썼지요 오늘 엠카 어땠어요  LESSERAFIM KIMCHAEWON 김채원 ,2022-05-27 02:43:58+00:00,ko
1530016888956149762, 오늘 엠카도 응원해주셔서 감사합니다 새로운 머리도 했는데 어때요  LESSERAFIM FEARLESS EUNCHAE 은채 ,2022-05-27 02:43:47+00:00,ko
1530016886943010816,  뮤직뱅크 출근 프리뷰   늦은 아침 밝게 빛나는 샤인즈  카즈하 KAZUHA  르세라핌 LESSERAFIM ,2022-05-27 02:43:46+00:00,ko
1530016885307125761, KP 르세라핌LE SSERAFIM 사쿠라X홍은채X김채원 바비인형들의 뮤뱅 출근길 마니아TV      르세라핌 LESSERAFIM FEARLESS 사…,2022-05-27 02:43:46+00:00,ko
1530016875760869376,  굿모닝  사쿠라 SAKURA LESSERAFIM 르세라핌 ,2022-05-27 02:43:44+00:00,ko
1530016866093019136,  르세라핌 카즈하 뮤직뱅크 출근 프리뷰 카즈하 KAZUHA 르세라핌 LESSERAFIM ,2022-05-27 02:43:41+00:00,ko
1530016807301554184, 지금까지 나왔던 음악방송 모니터링 중… 팬분들은 어떤 무대가 더 마음에 들었어용  ㅎㅎ  LESSERAFIM SAKURA 사쿠라 ックラ FEARLESS BlueFlame …,2022-05-27 02:43:27+00:00,ko
1530016780646637574, 중출 즈하야  카즈하 KAZUHA LESSERAFIM LESSERAFIM 르세라핌 一葉 中村一葉 かずは ルセラフィム カズハ lesserafim ,2022-05-27 02:43:21+00:00,ko
1530016743808180235,  뮤직뱅크 출근 윤진 카즈하 프리뷰  카즈하 KAZUHA  허윤진 윤진 YUNJIN 르세라핌 LESSERAFIM ,2022-05-27 02:43:12+00:00,ko
1530018307079778305,  프리뷰 LESSERAFIM 르세라핌 KIMCHAEWON  김채원 チェウォン ,2022-05-27 02:49:25+00:00,ko
1530018294542966784,  르세라핌 카즈하 뮤직뱅크 중간퇴근 프리뷰 카즈하 KAZUHA 르세라핌 LESSERAFIM ,2022-05-27 02:49:22+00:00,ko
1530018292131192834,  르세라핌 채원 뮤직뱅크 출근 프리뷰 채원 김채원 Chaewon 르세라핌 LESSERAFIM ,2022-05-27 02:49:21+00:00,ko
1530018198250065921,  뮤직뱅크 출근 카즈하 프리뷰  카즈하 KAZUHA  르세라핌 LESSERAFIM ,2022-05-27 02:48:59+00:00,ko
1530018174506110976,  아는형님 르세라핌 사쿠라 lesserafim 르세라핌 LESSERAFIM 미야와키사쿠라 MiyawakiSakura 宮脇咲良 사쿠라 Sakura sakuchan  …,2022-05-27 02:48:53+00:00,ko
1530018057283743744,  르세라핌 은채 출근 프리뷰  은채야 오늘도 파이팅  르세라핌 LESSERAFIM  홍은채 은채  HONGEUNCHAE EUNCHAE ,2022-05-27 02:48:25+00:00,ko
1530017982885527552,  사운드웨이브 팬싸  판다 채원  르세라핌 김채원 채원 LESSERAFIM KIMCHAEWON CHAEWON ,2022-05-27 02:48:08+00:00,ko
1530018878457257991, HYBEEDU 레시피북에 파전 김치볶음밥 순두부찌개를 넣어주셨으면 합니다 나는 BTS가 가진 유대를 절대적으로 사랑합니다 BTS 형제애 만세 음식  사랑 이 프로젝트에…,2022-05-27 02:51:41+00:00,ko
1530019587462352896,  출근   사랑햄  김채원 CHAEWON チェウォン 르세라핌 LESSERAFIM ,2022-05-27 02:54:30+00:00,ko
1530019555392757785,  뮤뱅 출근길  예쁘니들   허윤진 YUNJIN ホユンジン 카즈하 KAZUHA カズハ 샤인즈 SHINEZ 르세라핌 LESSERAFIM ,2022-05-27 02:54:23+00:00,ko
1530019369635311618,KP 르세라핌LE SSERAFIM 사쿠라X홍은채X김채원 바비인형들의 뮤뱅 출근길 마니아TV  via YouTube,2022-05-27 02:53:38+00:00,ko
1530019192795037703, 더쇼 위 감사합니다  많은 사랑 받을 수 있게 해주셔서 감사드려요ㅠㅠ 보답할 수 있도록 더 열심히 하겠습니다  LESSERAFIM EUNCHAE FEARLESS 은채 …,2022-05-27 02:52:56+00:00,ko
1530020207996960768,모든 대리티켓팅•취켓팅•폼림버튼림위버스 문의받아요  공지 안 뜬 공연 미리 예약가능  뮤지컬 데스노트•웃는남자•지킬앤하이드•메이사의노래 엔시티 나훈아 임영웅 르세라핌 투바투 콘서트 세븐틴 더보이즈 배구 농구 야구 축구 토트넘내한  경력마음함 댈티 양도 ,2022-05-27 02:56:58+00:00,ko
1530020158261313536,르세라핌 김가람 학폭 사실이었다…피해자 차 가해 고통 극단 시도→자퇴까지,2022-05-27 02:56:46+00:00,ko
1530020121510821888,르세라핌 김가람 학폭의혹 진실공방 치닫나…피해자 차 가해 고통전문,2022-05-27 02:56:38+00:00,ko
1530020086798778368,피해자 측 르세라핌 김가람 학폭가해 사실…차가해 멈춰달라,2022-05-27 02:56:29+00:00,ko
1530019953600270337,“르세라핌 김가람 학폭 가해 사실”…피해자 차 가해 주장,2022-05-27 02:55:57+00:00,ko
1530019927046103040,아이즈원 아이브 르세라핌 미개봉 일괄 판매 및 양도  권은비 포토북 강혜원 수필집 A버전B버전 강혜원 뷰티컷 김민주 포토북 아이브 르세라핌 앨범 사진에 보이는 모든 미개봉품 일괄   IZONE photobook Korean address only Official photobook 아이즈원 아이브 르세라핌 ,2022-05-27 02:55:51+00:00,ko
1530019829356593152,르세라핌 김가람 학폭 피해자…차 가해로 극도의 불안 증세 전문,2022-05-27 02:55:28+00:00,ko
1530019828647350272, 팝콘 게임즈 카드슬리브 하드 × 개당  양도해요  준등기개까지  반택  일반택배  우체국택배   금요일 발송 popcorn games sleeves hard sell…,2022-05-27 02:55:28+00:00,ko
1530019806698930182,아이즈원 르세라핌 굿즈 일괄 판매 및 양도  아이즈원 온콘 특전 포카 교통카드 트레카 장 서울콘 dvd은비 블루레이채원 키트채원 블룸 키트 풀세트 원릴러 씬 미공개 포카 장 르세라핌 쇼케이스 팬키트 일괄 만원  Korean address only Official Photo card IZONE LESSERAFIM ,2022-05-27 02:55:22+00:00,ko
1530019701036040192,본인 인증 안한 더쿠 아이디 에팜 오픈카톡으로 문의 눈팅용 아이디   몬스타엑스 더보이즈 더비 세븐틴 캐럿 엔시티 엔하이픈 스키즈 투바투 에이티즈 방탄소년단 아미 엑소 에스파 엔믹스 트와이스 블랙핑크 아이브 장원영 르세라핌 사쿠라 재찬 박서함 시에러ll,2022-05-27 02:54:57+00:00,ko
1530019697995165696,파국 치닫나… 르세라핌 김가람 학폭 피해자 극단적 시도까지,2022-05-27 02:54:57+00:00,ko
1530019677208195073,본인 인증 안한 더쿠 아이디 에팜 오픈카톡으로 문의 눈팅용 아이디   몬스타엑스 더보이즈 더비 세븐틴 캐럿 엔시티 엔하이픈 스키즈 투바투 에이티즈 방탄소년단 아미 엑소 에스파 엔믹스 트와이스 블랙핑크 아이브 장원영 르세라핌 사쿠라 재찬 박서함 시에러l,2022-05-27 02:54:52+00:00,ko
1530019661513109505,“하이브·르세라핌 김가람 차 가해 멈춰라” 학폭 피해자 측 경고장 공식,2022-05-27 02:54:48+00:00,ko
1530019631158927360,본인 인증 안한 더쿠 아이디 에팜 오픈카톡으로 문의 눈팅용 아이디   몬스타엑스 더보이즈 더비 세븐틴 캐럿 엔시티 엔하이픈 스키즈 투바투 에이티즈 방탄소년단 아미 엑소 에스파 엔믹스 트와이스 블랙핑크 아이브 장원영 르세라핌 사쿠라 재찬 박서함 시에러,2022-05-27 02:54:41+00:00,ko
1530019600288878592,전문 르세라핌 김가람 학폭 피해자 나섰다,2022-05-27 02:54:33+00:00,ko
1530019584706613248, 르세라핌 팬싸인회 대리찍사 합니다  사쿠라 김채원 허윤진 카즈하 김가람 홍은채  띔도 가능합니다  Selling lesserafim offline fansign signed page slot  프로필 오픈카톡으로 문의주세요  데이터 DATA,2022-05-27 02:54:30+00:00,ko
1530019560451342337,르세라핌 김가람 파격 의상,2022-05-27 02:54:24+00:00,ko
1530019523893821442,학폭 의혹 ‘르세라핌’ 김가람 이번엔 ‘가해자 문건’ 사진 확산,2022-05-27 02:54:15+00:00,ko
1530019489638907910,결국 뉴스까지 진출해버린 르세라핌 김가람,2022-05-27 02:54:07+00:00,ko
1530019363390357504,아이즈원 굿즈 일괄 판매   히스토리 키트 개 미개봉 콜렉트북 개 미개봉 미니 플래그 개 미개봉 일즈원 인형 개 미개봉 개 개봉 서울콘 dvd 블루레이 키트 원릴러 씬 미공개 포카 장 르세라핌 쇼케이스 팬키트 일괄 일괄 배송비 포함 만원 개별 아이즈원 IZONE 르세라핌 ,2022-05-27 02:53:37+00:00,ko
1530019318481625088,르세라핌 김가람 소속사측 추가공지,2022-05-27 02:53:26+00:00,ko
1530019162679955457,스압 르세라핌 김가람 학폭 관련 하이브 추가 입장문,2022-05-27 02:52:49+00:00,ko
1530019054341083137,김가람 잠시 활동 중단amp르세라핌 인 체제,2022-05-27 02:52:23+00:00,ko
1530018989358780418,하이브쏘스뮤직 르세라핌 김가람 관련 의혹에 대한 추가 입장,2022-05-27 02:52:08+00:00,ko
1530018872551608320,르세라핌 사쿠라X홍은채X김채원 요정들이 만드는 더블 하트 ,2022-05-27 02:51:40+00:00,ko
1530018869909127177,르세라핌 사쿠라 머리카락마저 아이돌 ,2022-05-27 02:51:39+00:00,ko
1530018869611360256,르세라핌 김채원의 미모에 내가 더 눈부셔요 ,2022-05-27 02:51:39+00:00,ko
1530018868843843584,르세라핌 카즈하 흩날리는 여신미 ,2022-05-27 02:51:39+00:00,ko
1530018868663418881,르세라핌 홍은채 꼬부기 막내 등장 ,2022-05-27 02:51:39+00:00,ko
1530018868403392512,르세라핌 허윤진X카즈하 햇살보다 빛나는 미소 투샷 ,2022-05-27 02:51:39+00:00,ko
1530018867514249216,르세라핌 사쿠라 감탄이 절로 나오는 미모 ,2022-05-27 02:51:39+00:00,ko
1530018846223917056, 사진르세라핌 사쿠라출근길 패션화보 사진르세라핌 사쿠라우아한 출근길 사진르세라핌 사쿠라명품 미소 사진르세라핌 사쿠라아름답다  https…,2022-05-27 02:51:33+00:00,ko
1530020260237422592,하이브 측 김가람 학폭허위사실…피해자 일방적 주장 유감 공식입장,2022-05-27 02:57:11+00:00,ko
1530020191647973376,김가람 학폭 피해자 측 하이브 입장 정정 없을시 욕설 메시지 공개,2022-05-27 02:56:54+00:00,ko
1530019923824889856,김가람 학폭 의혹 제기자 하이브 입장 번복하고 사과하라,2022-05-27 02:55:50+00:00,ko
1530019794506108928,하이브 “김가람은 학폭 피해자” 싹수가 노랗다 종합DA이슈,2022-05-27 02:55:20+00:00,ko
1530019758363779072,김가람 학폭 피해자 측 하이브 사과 없을 시 욕설메시지 공개 전문,2022-05-27 02:55:11+00:00,ko
1530019729569894400,“김가람 측 차가해로 응급실행” 잇따른 증언 사실이었나,2022-05-27 02:55:04+00:00,ko
1530018931561226242,JTBC가 모자이크 파티까지 하며 내보낸 수많은 김가람 과사 중 차마 내보내지 못한,2022-05-27 02:51:54+00:00,ko
1530018695514206209,Joosea 맞아요…  심지어 김가람 학폭 피해자가 자살을 생각했을 정도로 그것도 고등학교 올라가면서까지 지속적으로 괴롭혔다는데…  당연히 피해자 입장에서는 용서를 절대 못하겠죠   거기다 주변인들에 의해 차 차 가해도 당했는데 그 피해자가 살아있는 것만으로도 다행이라 생각합니다,2022-05-27 02:50:58+00:00,ko
1530018498910760960, 아범죄자집단과 범죄자옹호집단의 수장들이 만났어 그랬구나 승리는 겨우 년개월징역받았지만 연예계에서는 사형이야 성폭행 정바비를 학폭호 김가람을 옹호한다면 곧 하이브도 외면당하겠지난 그러지 않기를 바라지만그…,2022-05-27 02:50:11+00:00,ko
1530017941332570113, 르세라핌 팬싸인회 대리찍사 합니다    문의는 프로필 오픈카톡  르세라핌 LESSERAFIM 사쿠라 김채원 홍은채 김가람 허윤진 카즈하  대리 댈찍 데이터 DATA,2022-05-27 02:47:58+00:00,ko
1530017897686646790, 르세라핌 팬싸인회 대리찍사 합니다     르세라핌 LESSERAFIM 사쿠라 김채원 홍은채 김가람 허윤진 카즈하  대리 댈찍 데이터 DATA,2022-05-27 02:47:47+00:00,ko
1530017710394179585,학폭은 어떠한상황에서도 정당화될수가 없는데 특히 호처분받은 김가람은 더요 우린자살충동시킨피해자가없는데 뭔학폭년이랑비비고잇노 ㅋㅋㅋㅋㅋㅋㅋㅋㅋㅋㅋㅋㅋㅋㅋㅋㅋㅋ ,2022-05-27 02:47:03+00:00,ko
1530014738427482112,르세라핌LE SSERAFIM 학폭녹란 멤버 김가람이 빠지고 인체제로 뮤직뱅크 첫 출근   르세라핌 LESSERAFIM 사쿠라 김채원 허윤진 카즈하 김가람 홍은채 ,2022-05-27 02:35:14+00:00,ko
1530014247865831425,르세라핌 쇼피 양도  준미포   양도 받은 가격 그대로 양도합니다 배송지 변경 가능하면 해드리고 총대 분 이어드릴 수 있으면 이어드려용 인증 o   김채원 사쿠라 홍은채 카즈하 허윤진 김가람 위버스 네쇼라 파스테 사웨 럭드 인터파크 조은뮤직 영통 팬싸 공방 쇼케 lesserafim wts wtb shopee ,2022-05-27 02:33:17+00:00,ko
1530012452834115584,RT  인용트 맞말 김가람을 감싸려는 의도 외에 본트의 말하고자하는 바는 알겠으나그럼 과거가 나쁜사람은 죽으란말이냐같은거잖아 성범죄자를 교직에 두면 안되는거랑 갈래는 같음  적어도 그런류의 죄를 지은사람이 딱 그런연…,2022-05-27 02:26:09+00:00,ko
1530010121887428608, ㄱㄷㅇ찾음 고등어 아님  이런 말쓰는 인성을 그동안 천사 강양이로 만든건가 학폭과 성범죄도 스루하면서 인종차별 반대하러 미국을 가 하이브 하는짓마다 가식적임 과대포…,2022-05-27 02:16:53+00:00,ko
1530009990102396928,르세라핌 가람 포카 양도 SELL  일괄  운송비 미포함   교환은 번째 사진 사쿠라 or 카즈하 럭드  DM보다 옾챗이 빨라요  사쿠라 카즈하 김가람 LESSERAFIM 위버스 홀로그램 포토카드 특전 미공포 럭키드로우 분철 사웨 사운드웨이브 엠투유 MU 파스테 파워스테이션 블루 블랙 앨범 앨포 ,2022-05-27 02:16:22+00:00,ko
1530009902617600000,르세라핌 카즈하 포카 양도 SELL  일괄  운송비 미포함   교환은 번째 사진 사쿠라 or 카즈하 럭드  DM보다 옾챗이 빨라요  사쿠라 카즈하 김가람 LESSERAFIM 위버스 홀로그램 포토카드 특전 미공포 럭키드로우 분철 사웨 사운드웨이브 엠투유 MU 파스테 파워스테이션 블루 블랙 앨범 앨포 ,2022-05-27 02:16:01+00:00,ko
1530009798053593088,르세라핌 사쿠라 포카 양도 SELL  일괄  운송비 미포함   교환은 번째 사진 사쿠라 or 카즈하 럭드  DM보다 옾챗이 빨라요  사쿠라 카즈하 김가람 LESSERAFIM 위버스 홀로그램 포토카드 특전 미공포 럭키드로우 분철 사웨 사운드웨이브 엠투유 MU 파스테 파워스테이션 블루 블랙 앨범 앨포 ,2022-05-27 02:15:36+00:00,ko
1530007561147101184,르세라핌 일정 정면 취소와 김가람 호 조치 현직 변호사 트윗,2022-05-27 02:06:43+00:00,ko
1530007386815012864,학폭위 호 처분 받은 김가람 과거 이의 제기 하지 않은 이유는,2022-05-27 02:06:01+00:00,ko
1530007178832392193, 김가람 만약에 탈퇴당한다해도 피해자한테 미안해하기보다는 너때문에 내 인생 망했다며 피해자 물어뜯을 것 같다는 점에서 탈퇴 후에도 지속적인 관심이 필요하다고 생각함…,2022-05-27 02:05:12+00:00,ko
1530006647774404610,교사·변호사가 본 김가람 학폭논란 가해없이 호 처분 나오긴 어려워,2022-05-27 02:03:05+00:00,ko
1530006596465504261,“김가람OUT” 해외팬들도 등돌린 르세라핌,2022-05-27 02:02:53+00:00,ko
1530005614583091201,르세라핌 사운드웨이드 럭드 쇼핑라이브 포카 양도  준등기   디엠주세요  LESSERAFIM 사쿠라 김채원 채원 허윤진 카즈하 김가람 홍은채 양도 포카 럭드 럭키드로우 사운드웨이브 사웨 신나라 케타 케타포 luckydraw photocard sell soundwave MU 쇼케 쇼케이스 웰컴키트 ,2022-05-27 01:58:59+00:00,ko
1530004976462098432,르세라핌 앨범포카 및 미개봉앨범  사쿠라 채원 카즈하  윤진 가람 은채  미개봉앨범 다음주 중 물량확보될 예정  교환  포카는 개당 가격입니다  편택  준등기  반택  추가됩니다  LESSERAFIM 사쿠라 김채원 허윤진 카즈하 김가람 홍은채 ,2022-05-27 01:56:27+00:00,ko
1530004541936398336,르세라핌 뮤직코리아 특전 투명포카  사쿠라 채원 카즈하   윤진 가람 은채    투명포카 특성상 공정상의 하자가 있을 수 있습니다  예민하신분들은 양해말씀드립니다  준등기  반택  추가됩니다  LESSERAFIM 사쿠라 김채원 허윤진 카즈하 김가람 홍은채 ,2022-05-27 01:54:43+00:00,ko
1530004106987073536,르세라핌 위버스 특전포카 양도  위버스 특전 홀로그램첫번째줄 사쿠라 채원 카즈하   윤진 가람 은채    위버스 특전 일반두번째줄 사쿠라 채원   윤진 가람 은채    준등기  반택  추가됩니다  LESSERAFIM 사쿠라 김채원 카즈하 허윤진 김가람 홍은채 ,2022-05-27 01:52:59+00:00,ko
1530003891924107264, 킹덤 치우→르세라핌 김가람 th generation idol withdrawal and suspension of activities ,2022-05-27 01:52:08+00:00,ko
1530003750101798914,김가람에게 연락 달라는 동창이름도 깜,2022-05-27 01:51:34+00:00,ko
1530003706975903746,극단적 선택까지 김가람 계속되는 학폭 폭로…하이브 전면 부인 엑스레이,2022-05-27 01:51:24+00:00,ko
1530003389571993601,이름 까고 김가람에게 연락 달라는 동창 ㄷㄷ,2022-05-27 01:50:08+00:00,ko
1530003334492368897,김가람 측 일방적 피해 주장 유감 악위적 행위 공식,2022-05-27 01:49:55+00:00,ko
1530003265114345472,다시보는 김가람 폭로글들과 과거사진,2022-05-27 01:49:39+00:00,ko
1530003210055798784,르세라핌 김가람 학폭 논란 들불…피해자 등판 가해는 사실종합,2022-05-27 01:49:26+00:00,ko
1530003165935828994,이쯤에서 다시 보는 김가람 옹호 학생들 인증 사진,2022-05-27 01:49:15+00:00,ko
1530003129126727680,김가람을 애타게 찾는 모교동창 추정 댓글,2022-05-27 01:49:06+00:00,ko
1530003069643018252,르세라핌 김가람 측 “피해 주장자 유리한 쪽으로 발표 법적조치 진행중” 공식입장,2022-05-27 01:48:52+00:00,ko
1530003030589919232,르세라핌 김가람 차 학폭 폭로에 소속사 공식 입장전문,2022-05-27 01:48:43+00:00,ko
1530002303742185472,속보르세라핌 김가람 학폭 의혹 진실 공방전 극단적 선택 시도,2022-05-27 01:45:49+00:00,ko
1530002209634521088,르세라핌 포카 양도  하자예민 즉입만 표시한건 하자  메인트 참고  김채원 사쿠라 허윤진 카즈하 김가람 홍은채 LESSERAFIM pc poca photocard 특전 미공포 교환 분철 ,2022-05-27 01:45:27+00:00,ko
1530001795258253313,김가람 받은 학폭위 ‘호조치’…단순욕설 넘어섰나,2022-05-27 01:43:48+00:00,ko
1530001752648323072,르세라핌 김가람 관련 의혹에 대한 추가입장,2022-05-27 01:43:38+00:00,ko
1530001704820674565,방금 올라온 르세라핌 김가람 관련 의혹에 대한 추가 입장문jpg ,2022-05-27 01:43:27+00:00,ko
1530001657739608064,김가람 학폭위 문서 공개에 학교 친구돕다… vs 호 처분 크다,2022-05-27 01:43:15+00:00,ko
1530001009015070720, 르세라핌에 김가람 뺄 때까지 하이브 불매할 거예요 ,2022-05-27 01:40:41+00:00,ko
1530000773605601280,김가람 지식인에 추정글 논란 학폭 지워질만 한가요,2022-05-27 01:39:45+00:00,ko
1529999785435881472,김가람 사실은 세라핌이 더 흥하라고 사용된 카드 아닐까 탈퇴시키면 폭팔적으로 인기 많아질 것 같음,2022-05-27 01:35:49+00:00,ko
1529997314193903616,르세라핌 김가람 학폭 피해자 입열어 집단 가해현장에 불려가,2022-05-27 01:26:00+00:00,ko
1529997149261287424,르세라핌 김가람 동창이 썼다는 글들,2022-05-27 01:25:21+00:00,ko
1529997104029913089,하이브 르세라핌 김가람 폭력 없었음에도 호 처분,2022-05-27 01:25:10+00:00,ko
1529996031337058304, 백악관 가는거 좋치 아시안 인종차별 심하니까  근데 소속사 하이브가 학폭가해자 김가람 탈퇴안시키고 피해자에게 차가해중 성범죄자 참여곡 삭제안하고 피해자에게 차가해중  마냥 좋다고 할수없는 상황이니까 정바비아웃 …,2022-05-27 01:20:54+00:00,ko
1529996021639819264,하이브 이 미친 ㅋㅋ 돈에 미쳐서 앨범도 괴랄하게 팔고 김가람도 안 빼고 ㅋㅋ 돈 외의 생각은 하고 사는 거니 존나 대가리는 장식이니 어떤 개미친씹느자구회사가 당일에 이지랄로 친환경인 척 새 버전을 올리니 가격은 왜 공지 안 해 상품 판매의 기본 아냐ㅋㅋㅋ ,2022-05-27 01:20:52+00:00,ko
1529995936256389120, 그래 애들이 간다고 심사숙고해서 결정한 것이니까 팬인 나는 잘하고 오라고 응원할건데 의문점이 든다 우리 가수는 이런 선한 이미지로 계속 내보내면서 김가람 학폭은 대체 왜 그딴 식으로 대응하는건데 하이브 진짜 이상함,2022-05-27 01:20:31+00:00,ko
1529995526095024128,르세라핌 김가람 측 학폭 호 처분 물리적 폭력 전혀 없었다공식,2022-05-27 01:18:54+00:00,ko
1529995469836890112,뉴스에 진출한 김가람 과사들,2022-05-27 01:18:40+00:00,ko
1529995426652336128,르세라핌 김가람 학폭 증거에 속수무책 활동 중단,2022-05-27 01:18:30+00:00,ko
1529995342762020866,르세라핌 김가람 근황 ㅋㅋㅋㅋ,2022-05-27 01:18:10+00:00,ko
1530020793304117250,르세라핌 양도 쇼피 포카 LE SSERAFIM SHOPEE SELL  sell  eng   일괄  배송비 포함  구매인증  한국은행  센트비 어플  wise   해외배송 ,2022-05-27 02:59:18+00:00,ko
1530020740963401728, 미공개 사진 풀어 LESSERAFIM SAKURA 사쿠라 ックラ ,2022-05-27 02:59:05+00:00,ko
1530020701658173446, 오늘 의상 마음에 들어   LESSERAFIM SAKURA 사쿠라 ックラ ,2022-05-27 02:58:56+00:00,ko
1530020672612708354, Yunjin is so fine ohma ㅠㅠ LESSERAFIM 르세라핌 허윤진 ,2022-05-27 02:58:49+00:00,ko
1530021215360139264, adventure 방탄소년단갤러리는 박지민 악개들과 하이브 바이럴 직원들의 일터입니다 이미 한두 아미가 월 일 계정에 회사작전을 알려줬네요  FREE TAEHYUNG FROM HYBE FREE TA…,2022-05-27 03:00:58+00:00,ko
1530022077813628933,  뮤직뱅크 출근 프리뷰  김채원 キム・チェウォン kimchaewon chaewon 아이즈원 IZONE 채원  LESSERAFIM 르세라핌 ,2022-05-27 03:04:24+00:00,ko
1530022075288629248, LE SSERAFIM Weverse Kazuha  Caption 어제 꾸라언니랑 먹었던 마라탕 짱 맛있었다  역시 맛있는 것 먹으면 힘이 나네요 여러분도 맛있는 것 먹고 오늘 하루도 화이팅  Translation The malatang I ate with Kkura unni yesterday was so delicious   cont KAZUHA ,2022-05-27 03:04:23+00:00,ko
1530021785391239168, 르세라핌LE SSERAFIM 사쿠라 점점 여신이 되어가는 비주얼예뻐도 너무 예쁘죠   르세라핌 LESSERAFIM 미야와키사쿠라 사쿠라 https…,2022-05-27 03:03:14+00:00,ko
1530021993403146242, andykys WhataMann 국민을 개돼지로 보는 회사죠 물어뜯을거 던져주고 여론조작 FreeVfromHybe FREE TAEHYUNG freetaehyung 하이브재재계약반대 LEAVE TAEHYUNG…,2022-05-27 03:04:04+00:00,ko
1530022582074114048, 단단한 껍질을 깨고 세상의 주목 아래 데뷔한 걸그룹 르세라핌의 뜨거운 에너지  르세라핌 LESSERAFIM  ,2022-05-27 03:06:24+00:00,ko
1530022495457140737,  르세라핌 예림당아트홀 팬싸 채원  뿌우우  LESSERAFIM 르세라핌 CHAEWON 채원 ,2022-05-27 03:06:04+00:00,ko
1530022292276727809,  르세라핌 아크앤북 팬싸 채원  Chu  LESSERAFIM 르세라핌 CHAEWON 채원 ,2022-05-27 03:05:15+00:00,ko
1530021747457933312,르세라핌 앨범 포카 미공개 포카 판매 및 양도  김가람 미공포 종위버스 특전 엽서 세트  김채원 앨범 포카 종 일괄  사쿠라 앨범 포카 및 미공포 일괄  배송비  추가  개별 판매  LESSERAFIM Photo card Korean address only Official photo card 르세라핌 LESSERAFIM ,2022-05-27 03:03:05+00:00,ko
1530021679631478784,르세라핌 미개봉 앨범 일괄 판매 및 양도  위버스 김가람 세트  예스 인터파크 김가람 세트  뮤직플랜트 엠투유 김가람 세트  김가람 미공개 포카 일괄 세트  배송비  추가  개별 판매  LESSERAFIM Photo card Korean address only Official photo card LESSERAFIM ,2022-05-27 03:02:49+00:00,ko
1530021601638744064,아이브 르세라핌 개봉 앨범 판매 및 양도  개봉 앨범 개 일괄 배송비 포함  포카만 제외 다른 구성품 전부 포함 아이즈원 원릴러 씬 아이브 버전  르세라핌 버전    Korean address only Official Album  르세라핌 LESSERAFIM 르세라핌앨범 아이브 IVE 아이브앨범 아이즈원앨범 ,2022-05-27 03:02:30+00:00,ko
1530021551994961920,위버스샵 대리구매 해드려용  수고비  Dm 주세요  세븐틴 트레저 엔하이픈 르세라핌 프로미스나인 투바투 투모로우바이투게더 방탄 방탄소년단,2022-05-27 03:02:19+00:00,ko
1530021526023868416,아이즈원 아이브 르세라핌 미개봉 판매 및 양도  미개봉 앨범 각각  강혜원 포토북 권은비 포토북  김민주 미개봉 포토북   혜원 유리 미공개 포카  증정 랜덤 무중복 증정  Korean address only Official unopened album 아이즈원 아이브 르세라핌 권은비 강혜원 김민주 ,2022-05-27 03:02:12+00:00,ko
1530021458986287105,ㅤㅤㅤ 르세라핌 콘셉트 포토 Vol BLUE CHYPRE  ☛    ☚,2022-05-27 03:01:56+00:00,ko
1530021442477101056, KP 르세라핌LE SSERAFIM 월 일 뮤직뱅크 출근길 마니아TV      르세라핌 LESSERAFIM FEARLESS 사쿠라 김채원 허윤…,2022-05-27 03:01:52+00:00,ko
1530021433048711173,그러고 보니 르세라핌은 뮤직뱅크 본방 팬석 받은적이   없네 사녹있을때 앞번호분들 물어보긴 하던데,2022-05-27 03:01:50+00:00,ko
1530021318346756096, NAVER ARTICLES 허윤진 카즈하  React recommend and share   르세라핌 허윤진카즈하출근길 가벼운    …,2022-05-27 03:01:23+00:00,ko
1530021248092147713, 르세라핌LE SSERAFIM 학폭녹란 멤버 김가람이 빠지고 인체제로 뮤직뱅크 첫 출근   르세라핌 LESSERAFIM 사쿠라 김채원 허윤진 카즈하 …,2022-05-27 03:01:06+00:00,ko
1530021199744761857,아이돌 스포츠 브라 포니테일 르세라핌 카즈하 Sports Bra Ponytail Reseraphim Kazuha   ,2022-05-27 03:00:55+00:00,ko
1530021081775415296,TOP이슈 르세라핌 ‘학폭 가해’ 김가람 빈자리…오히려 음원 성적 상승 르세라핌 김가람 쏘스뮤직 하이브 ,2022-05-27 03:00:26+00:00,ko
1530020881388343296,  르세라핌 LE SSERAFIM 더쇼알zip 비하인드 더 쇼      사쿠라 미야와키사쿠라 SAKURA MiyawakiSakura 宮脇咲良…,2022-05-27 02:59:39+00:00,ko
1530020508267585537,아이즈원 공식 비공식 증명사진 판매 및 양도  권은비 서해나 증명사진 장 르세라핌 김채원 증명사진 장 아이브 안유진 장원영 증명사진 장 아이즈원 강혜원 증명사진 장 총 장 일괄   배송비  추가  아이즈원 IZONE 권은비 태양의노래 강혜원 김채원 안유진 장원영 증명사진 ,2022-05-27 02:58:10+00:00,ko
1530020388838998016,아이즈원 르세라핌 포카 판매 및 양도  강혜원 W 일반 미공개 포카 시크릿타임 필름 포카 율녕쌈 온콘 키트 특전 엽서 통상반 생사진 은비 원릴러 블룸 앨범 포카  사진에 가격 확인 배송비  추가  은비 쿠라 혜원 예나 채연 채원 민주 나코 토미 유리 유진 원영 아이즈원 IZONE 르세라핌 ,2022-05-27 02:57:41+00:00,ko
1530020380525883399,  팔릴시 덕자  탑꾸 양도합니다    레진탑꾸   스티커탑꾸   리본탑꾸   반택  탑꾸 양도 스테이씨 에스파 르세라핌 엔믹스 방탄 투모루우바이투게더 nct 몬스타엑…,2022-05-27 02:57:39+00:00,ko
1530020289731768320,핌둥이들 ‘르세라핌의 FEARLESS 무대  Mnet  방송 출처  엠카운트다운  네이버TV   LESSERAFIM 르세라핌 FEARLESS 피어리스 엠카운트다운 김채원 사쿠라,2022-05-27 02:57:18+00:00,ko
1530023080248098822, 유명한 그 계단에서 찍어봤습니다  LESSERAFIM SAKURA 꾸라 ックラ ,2022-05-27 03:08:23+00:00,ko
1530024451798052865, 오늘의르세라핌   아이돌 인간극장  LESSERAFIM 르세라핌 ,2022-05-27 03:13:50+00:00,ko
1530024438812450816, 오늘의르세라핌   잇츠라이브  LESSERAFIM 르세라핌 ,2022-05-27 03:13:47+00:00,ko
1530024420282015745, 오늘의르세라핌   뮤직뱅크  LESSERAFIM 르세라핌 FEARLESS BlueFlame ,2022-05-27 03:13:42+00:00,ko
1530024392775770112, FIMBTI 년 월 일 핌둥이들의 일기  LESSERAFIM 르세라핌 KAZUHA KIMGARAM HONGEUNCHAE ,2022-05-27 03:13:36+00:00,ko
1530024381530787840, FIMBTI 년 월 일 핌둥이들의 일기  LESSERAFIM 르세라핌 SAKURA KIMCHAEWON HUHYUNJIN ,2022-05-27 03:13:33+00:00,ko
1530024341814931456, 오늘의르세라핌   LE SSERAFIM SHOW BACKSTAGEDEBUT LIVE  르세라핌 오늘도 Slay  LESSERAFIM 르세라핌 FEARLESS …,2022-05-27 03:13:24+00:00,ko
1530024314266734592, 오늘의르세라핌    리무진서비스  LESSERAFIM 르세라핌 KIMCHAEWON 김채원 ,2022-05-27 03:13:17+00:00,ko
1530024293131644928, FIMBTI ep 내가 동물이라고  PM KST  ep 뭐에엥  PM KST  LESSERAFIM 르세라핌 …,2022-05-27 03:13:12+00:00,ko
1530024286622461952,초판 르세라핌 피어리스 노래 데뷔 미니 집 앨범 LE SSERAFIM FEARLESS 김채원 사쿠라 허윤진 카즈하 김가람 홍은채 굿즈    이 포스팅은 쿠팡 파트너스 활동의 일환으로 이에 따른 일정액의 수수료를 제공받습니다 ,2022-05-27 03:13:11+00:00,ko
1530024279856730114, 오늘의르세라핌    LE SSERAFIM DEBUT SHOWCASE FEARLESS  르세라핌 피어리스한 데뷔  LESSERAFIM 르세라핌 FEARLESS …,2022-05-27 03:13:09+00:00,ko
1530025320623243265,  르세라핌 아크앤북 팬싸 카즈하  옆모습도 이쁜 즈하  LESSERAFIM 르세라핌 KAZUHA 카즈하 ,2022-05-27 03:17:17+00:00,ko
1530025224594681856,카드뉴스르세라핌 김가람 학폭논란에 결국 인체제  르세라핌 김가람학폭 김가람 피해자 가해자  ,2022-05-27 03:16:54+00:00,ko
1530024847488987137, 오늘의르세라핌   THE SHOW  르세라핌 위 팬분들 덕분이에요  LESSERAFIM 르세라핌 FEARLESS LESSERAFIMrdwin ,2022-05-27 03:15:24+00:00,ko
1530024660707909632, 오늘의르세라핌   THE SHOW  르세라핌의 소중한 첫 일위  LESSERAFIM 르세라핌 FEARLESS ,2022-05-27 03:14:40+00:00,ko
1530024331606372352,아이돌 르세라핌 카즈하 매끈한 피부 Reserafim Kazuha Smooth Skin   ,2022-05-27 03:13:21+00:00,ko
1530024098197229569,아이즈원 포카 양도  운미포 메인트 확인  이상 거래 하자 예민한분  izone pc poca 포토카드 분철 권은비 사쿠라 강혜원 최예나 이채연 김채원 김민주 나코 히토미 조유리 안유진 장원영 트레카 미공포 온콘 르세라핌 ive lesserafim 우식구 ,2022-05-27 03:12:26+00:00,ko
1530023084685598721, 뮤직뱅크 중간 출근 대리찍사 데이터 판매 합니다   RR  ABIX 에이비식스 박우진 lesserafim 르세라핌 카즈하 ONEUS 원어스 건희 서호,2022-05-27 03:08:24+00:00,ko
1530023081393405954,르세라핌 김채원 채원 쇼케이스 포카 양도 Sell   하자X 인증 빡세게 가능  ㅅㅊㅇ 사쿠라 허윤진 카즈하 홍은채 쇼케 교환 분철 미공포 쇼케이스 럭드 럭키드로우 특전 사웨 사운드웨이브 엠투유레코드 파워스테이션 케타 케이타운 위버스 재팬 쇼피 tou 인터파크 쇼라 쇼핑라이브 홀로그램 일반 ,2022-05-27 03:08:23+00:00,ko
1530025901479432192, LESSERAFIM in NEXTREND  지구방위대 지구방위대챌린지 르세라핌 넥스트렌드  팬들이 직접 골라준 지구방위대 챌린지 NEXTREND 쇼 풀버전은 NOW 앱에서 무료로 다시 볼 수 있어요…,2022-05-27 03:19:36+00:00,ko
1530025890297499648, LESSERAFIM in NEXTREND  표정챌린지 emojichallenge 르세라핌 넘치는 매력과 끼로 똘똘 뭉친 르세라핌의 릴레이 이모티콘 표정 챌린지 NEXTREND 쇼 풀버전 다시보기…,2022-05-27 03:19:33+00:00,ko
1530025848379613184, 방송 오늘 PM SBS MTV lt더쇼gt에 르세라핌 이 출연합니다  TV LESSERAFIM will be on the ltTHE SHOWgt on SBS MTV on May  at …,2022-05-27 03:19:23+00:00,ko
1530025797498511362, VOTE 르세라핌 이 SBS MTV 더쇼 초이스 위 후보에 올랐습니다 LESSERAFIM is nominated for No on ltTHE SHOWgt   스타플래닛 APP 설치  LE SSERAFIM…,2022-05-27 03:19:11+00:00,ko
1530027090946297857, 뮤직뱅크 출근길 사쿠라  르세라핌 사쿠라 LESSERAFIM ,2022-05-27 03:24:19+00:00,ko
1530026783189630977, 저희 FEARLESS 를 많이 사랑 해주셔소 정말 감사합니다 앞으로도 열심히 하고 더 멋진 무대 보여드리겠습니다 LESSERAFIM KAZUHA ルセラフィム カズハ …,2022-05-27 03:23:06+00:00,ko
1530027755911659520,르세라핌 김채원∙허윤진∙홍은채 데뷔 후 첫 패션 화보 공개  gQgLf,2022-05-27 03:26:58+00:00,ko
1530027738714996736,  르세라핌 팬싸    사랑해  행복한 일만 있으면 좋겠어   르세라핌 허윤진 HUHYUNJIN ,2022-05-27 03:26:54+00:00,ko
1530027442122854400, 르세라핌LE SSERAFIM ‘상큼한 미모 뽐내며’  뮤직뱅크 회 출근길 오뉴스영상  출처 YouTube 르세라핌 LESSERAFIM 사쿠라 김채원…,2022-05-27 03:25:43+00:00,ko
1530027026194649089,그 멤버 빼고 인 체제 르세라핌 인기가요 ,2022-05-27 03:24:04+00:00,ko
1530026877947023360,김채원 포카 양도  모두 하자 X 예민하시면 지나가주세요 일괄   ㅅㅊㅇ 아이즈원 르세라핌 환상동화 피에스타   맘찍 차단 ,2022-05-27 03:23:28+00:00,ko
1530025912883740674, LESSERAFIM in NEXTREND  표정챌린지 emojichallenge 르세라핌 넥스트렌드 윤진이가 던진 진주는 과연 어떻게 되었을까요 르세라핌의 좌충우돌 숏폼 챌린지 정복기 NEXTRE…,2022-05-27 03:19:38+00:00,ko
1530025672772833280,아이돌 그 멤버와는 다른 르세라핌 막내 홍은채 과거 미담  ,2022-05-27 03:18:41+00:00,ko
1530025363904020489,  LE SSERAFIM  “FEARLESS   르세라핌의 “FEARLESS 만뷰 돌파 LE SSERAFIM “FEARLESS Over  Million Vi…,2022-05-27 03:17:27+00:00,ko
1530027883477241857, 국민을 개돼지로 보는 곳은 꼭 망해야해 그것이 사회정의 FreeVfromHybe FREE TAEHYUNG freetaehyung 하이브재재계약반대 LEAVE TAEHYUNG ALONE BOYCOTTHYB…,2022-05-27 03:27:28+00:00,ko
1530028275463901185, ‘LE SSERAFIM’ 사쿠라amp은채amp채원 눈부시게 아름다운 미소에 흠뻑 르세라핌 LESSERAFIM FEARLESS  RNX NEWS’ full ver ☞  https…,2022-05-27 03:29:02+00:00,ko
1530028234837880832, 르세라핌LE SSERAFIM ‘상큼한 미모 뽐내며’  뮤직뱅크 회 출근길 오뉴스영상  출처 YouTube 르세라핌 LESSERAFIM 사쿠라 김…,2022-05-27 03:28:52+00:00,ko
